[    1242ms] [INFO] %cDownload the React DevTools for a better development experience: https://react.dev/link/react-devtools font-weight:bold @ http://localhost:3111/_next/static/chunks/node_modules_next_dist_1e8vcs8._.js:776
[    1364ms] [LOG] [HMR] connected @ http://localhost:3111/_next/static/chunks/node_modules_next_dist_1e8vcs8._.js:776
[  186828ms] [LOG] [Fast Refresh] rebuilding @ http://localhost:3111/_next/static/chunks/node_modules_next_dist_1e8vcs8._.js:776
[  186947ms] [LOG] [Fast Refresh] done in 26ms @ http://localhost:3111/_next/static/chunks/node_modules_next_dist_1e8vcs8._.js:776
[  187004ms] [LOG] [Fast Refresh] done in 26ms @ http://localhost:3111/_next/static/chunks/node_modules_next_dist_1e8vcs8._.js:776
[  187069ms] [LOG] [Fast Refresh] done in 26ms @ http://localhost:3111/_next/static/chunks/node_modules_next_dist_1e8vcs8._.js:776
[  187128ms] [LOG] [Fast Refresh] done in 26ms @ http://localhost:3111/_next/static/chunks/node_modules_next_dist_1e8vcs8._.js:776
[  187191ms] [LOG] [Fast Refresh] done in 26ms @ http://localhost:3111/_next/static/chunks/node_modules_next_dist_1e8vcs8._.js:776
[  187266ms] [LOG] [Fast Refresh] done in 26ms @ http://localhost:3111/_next/static/chunks/node_modules_next_dist_1e8vcs8._.js:776
[  187331ms] [LOG] [Fast Refresh] done in 26ms @ http://localhost:3111/_next/static/chunks/node_modules_next_dist_1e8vcs8._.js:776
[  187392ms] [LOG] [Fast Refresh] done in 26ms @ http://localhost:3111/_next/static/chunks/node_modules_next_dist_1e8vcs8._.js:776
[  187454ms] [LOG] [Fast Refresh] done in 26ms @ http://localhost:3111/_next/static/chunks/node_modules_next_dist_1e8vcs8._.js:776
[  187516ms] [LOG] [Fast Refresh] done in 26ms @ http://localhost:3111/_next/static/chunks/node_modules_next_dist_1e8vcs8._.js:776
[  187579ms] [LOG] [Fast Refresh] done in 26ms @ http://localhost:3111/_next/static/chunks/node_modules_next_dist_1e8vcs8._.js:776
[  187641ms] [LOG] [Fast Refresh] done in 26ms @ http://localhost:3111/_next/static/chunks/node_modules_next_dist_1e8vcs8._.js:776
[  187703ms] [LOG] [Fast Refresh] done in 26ms @ http://localhost:3111/_next/static/chunks/node_modules_next_dist_1e8vcs8._.js:776
[  187764ms] [LOG] [Fast Refresh] done in 26ms @ http://localhost:3111/_next/static/chunks/node_modules_next_dist_1e8vcs8._.js:776
[  187812ms] [LOG] [Fast Refresh] done in 26ms @ http://localhost:3111/_next/static/chunks/node_modules_next_dist_1e8vcs8._.js:776
[  187859ms] [LOG] [Fast Refresh] done in 26ms @ http://localhost:3111/_next/static/chunks/node_modules_next_dist_1e8vcs8._.js:776
[  187923ms] [LOG] [Fast Refresh] done in 26ms @ http://localhost:3111/_next/static/chunks/node_modules_next_dist_1e8vcs8._.js:776
[  187970ms] [LOG] [Fast Refresh] done in 26ms @ http://localhost:3111/_next/static/chunks/node_modules_next_dist_1e8vcs8._.js:776
[  188033ms] [LOG] [Fast Refresh] done in 26ms @ http://localhost:3111/_next/static/chunks/node_modules_next_dist_1e8vcs8._.js:776
[  188095ms] [LOG] [Fast Refresh] done in 26ms @ http://localhost:3111/_next/static/chunks/node_modules_next_dist_1e8vcs8._.js:776
[  188156ms] [LOG] [Fast Refresh] done in 26ms @ http://localhost:3111/_next/static/chunks/node_modules_next_dist_1e8vcs8._.js:776
[  188219ms] [LOG] [Fast Refresh] done in 26ms @ http://localhost:3111/_next/static/chunks/node_modules_next_dist_1e8vcs8._.js:776
[  188281ms] [LOG] [Fast Refresh] done in 26ms @ http://localhost:3111/_next/static/chunks/node_modules_next_dist_1e8vcs8._.js:776
[  188343ms] [LOG] [Fast Refresh] done in 26ms @ http://localhost:3111/_next/static/chunks/node_modules_next_dist_1e8vcs8._.js:776
[  188404ms] [LOG] [Fast Refresh] done in 26ms @ http://localhost:3111/_next/static/chunks/node_modules_next_dist_1e8vcs8._.js:776
[  188466ms] [LOG] [Fast Refresh] done in 26ms @ http://localhost:3111/_next/static/chunks/node_modules_next_dist_1e8vcs8._.js:776
[  188526ms] [LOG] [Fast Refresh] done in 26ms @ http://localhost:3111/_next/static/chunks/node_modules_next_dist_1e8vcs8._.js:776
[  188588ms] [LOG] [Fast Refresh] done in 26ms @ http://localhost:3111/_next/static/chunks/node_modules_next_dist_1e8vcs8._.js:776
[  188651ms] [LOG] [Fast Refresh] done in 26ms @ http://localhost:3111/_next/static/chunks/node_modules_next_dist_1e8vcs8._.js:776
[  188713ms] [LOG] [Fast Refresh] done in 26ms @ http://localhost:3111/_next/static/chunks/node_modules_next_dist_1e8vcs8._.js:776
[  188776ms] [LOG] [Fast Refresh] done in 26ms @ http://localhost:3111/_next/static/chunks/node_modules_next_dist_1e8vcs8._.js:776
[  188836ms] [LOG] [Fast Refresh] done in 26ms @ http://localhost:3111/_next/static/chunks/node_modules_next_dist_1e8vcs8._.js:776
[  188883ms] [LOG] [Fast Refresh] done in 26ms @ http://localhost:3111/_next/static/chunks/node_modules_next_dist_1e8vcs8._.js:776
[  188953ms] [LOG] [Fast Refresh] done in 26ms @ http://localhost:3111/_next/static/chunks/node_modules_next_dist_1e8vcs8._.js:776
[  189008ms] [LOG] [Fast Refresh] done in 26ms @ http://localhost:3111/_next/static/chunks/node_modules_next_dist_1e8vcs8._.js:776
[  189069ms] [LOG] [Fast Refresh] done in 26ms @ http://localhost:3111/_next/static/chunks/node_modules_next_dist_1e8vcs8._.js:776
[  189131ms] [LOG] [Fast Refresh] done in 26ms @ http://localhost:3111/_next/static/chunks/node_modules_next_dist_1e8vcs8._.js:776
[  189178ms] [LOG] [Fast Refresh] done in 26ms @ http://localhost:3111/_next/static/chunks/node_modules_next_dist_1e8vcs8._.js:776
[  189240ms] [LOG] [Fast Refresh] done in 26ms @ http://localhost:3111/_next/static/chunks/node_modules_next_dist_1e8vcs8._.js:776
[  189302ms] [LOG] [Fast Refresh] done in 26ms @ http://localhost:3111/_next/static/chunks/node_modules_next_dist_1e8vcs8._.js:776
[  189363ms] [LOG] [Fast Refresh] done in 26ms @ http://localhost:3111/_next/static/chunks/node_modules_next_dist_1e8vcs8._.js:776
[  189425ms] [LOG] [Fast Refresh] done in 26ms @ http://localhost:3111/_next/static/chunks/node_modules_next_dist_1e8vcs8._.js:776
[  189487ms] [LOG] [Fast Refresh] done in 26ms @ http://localhost:3111/_next/static/chunks/node_modules_next_dist_1e8vcs8._.js:776
[  189534ms] [LOG] [Fast Refresh] done in 26ms @ http://localhost:3111/_next/static/chunks/node_modules_next_dist_1e8vcs8._.js:776
[  189581ms] [LOG] [Fast Refresh] done in 26ms @ http://localhost:3111/_next/static/chunks/node_modules_next_dist_1e8vcs8._.js:776
[  189643ms] [LOG] [Fast Refresh] done in 26ms @ http://localhost:3111/_next/static/chunks/node_modules_next_dist_1e8vcs8._.js:776
[  189704ms] [LOG] [Fast Refresh] done in 26ms @ http://localhost:3111/_next/static/chunks/node_modules_next_dist_1e8vcs8._.js:776
[  189765ms] [LOG] [Fast Refresh] done in 26ms @ http://localhost:3111/_next/static/chunks/node_modules_next_dist_1e8vcs8._.js:776
[  189828ms] [LOG] [Fast Refresh] done in 26ms @ http://localhost:3111/_next/static/chunks/node_modules_next_dist_1e8vcs8._.js:776
[  189891ms] [LOG] [Fast Refresh] done in 26ms @ http://localhost:3111/_next/static/chunks/node_modules_next_dist_1e8vcs8._.js:776
[  189953ms] [LOG] [Fast Refresh] done in 26ms @ http://localhost:3111/_next/static/chunks/node_modules_next_dist_1e8vcs8._.js:776
[  190014ms] [LOG] [Fast Refresh] done in 26ms @ http://localhost:3111/_next/static/chunks/node_modules_next_dist_1e8vcs8._.js:776
[  190076ms] [LOG] [Fast Refresh] done in 26ms @ http://localhost:3111/_next/static/chunks/node_modules_next_dist_1e8vcs8._.js:776
[  190137ms] [LOG] [Fast Refresh] done in 26ms @ http://localhost:3111/_next/static/chunks/node_modules_next_dist_1e8vcs8._.js:776
[  190198ms] [LOG] [Fast Refresh] done in 26ms @ http://localhost:3111/_next/static/chunks/node_modules_next_dist_1e8vcs8._.js:776
[  190259ms] [LOG] [Fast Refresh] done in 26ms @ http://localhost:3111/_next/static/chunks/node_modules_next_dist_1e8vcs8._.js:776
[  190307ms] [LOG] [Fast Refresh] done in 26ms @ http://localhost:3111/_next/static/chunks/node_modules_next_dist_1e8vcs8._.js:776
[  190368ms] [LOG] [Fast Refresh] done in 26ms @ http://localhost:3111/_next/static/chunks/node_modules_next_dist_1e8vcs8._.js:776
[  190429ms] [LOG] [Fast Refresh] done in 26ms @ http://localhost:3111/_next/static/chunks/node_modules_next_dist_1e8vcs8._.js:776
[  190480ms] [LOG] [Fast Refresh] done in 26ms @ http://localhost:3111/_next/static/chunks/node_modules_next_dist_1e8vcs8._.js:776
[  190538ms] [LOG] [Fast Refresh] done in 26ms @ http://localhost:3111/_next/static/chunks/node_modules_next_dist_1e8vcs8._.js:776
[  190600ms] [LOG] [Fast Refresh] done in 26ms @ http://localhost:3111/_next/static/chunks/node_modules_next_dist_1e8vcs8._.js:776
[  190663ms] [LOG] [Fast Refresh] done in 26ms @ http://localhost:3111/_next/static/chunks/node_modules_next_dist_1e8vcs8._.js:776
[  190725ms] [LOG] [Fast Refresh] done in 26ms @ http://localhost:3111/_next/static/chunks/node_modules_next_dist_1e8vcs8._.js:776
[  190773ms] [LOG] [Fast Refresh] done in 26ms @ http://localhost:3111/_next/static/chunks/node_modules_next_dist_1e8vcs8._.js:776
[  190834ms] [LOG] [Fast Refresh] done in 26ms @ http://localhost:3111/_next/static/chunks/node_modules_next_dist_1e8vcs8._.js:776
[  190882ms] [LOG] [Fast Refresh] done in 26ms @ http://localhost:3111/_next/static/chunks/node_modules_next_dist_1e8vcs8._.js:776
[  190949ms] [LOG] [Fast Refresh] done in 26ms @ http://localhost:3111/_next/static/chunks/node_modules_next_dist_1e8vcs8._.js:776
[  191004ms] [LOG] [Fast Refresh] done in 26ms @ http://localhost:3111/_next/static/chunks/node_modules_next_dist_1e8vcs8._.js:776
[  191066ms] [LOG] [Fast Refresh] done in 26ms @ http://localhost:3111/_next/static/chunks/node_modules_next_dist_1e8vcs8._.js:776
[  191128ms] [LOG] [Fast Refresh] done in 26ms @ http://localhost:3111/_next/static/chunks/node_modules_next_dist_1e8vcs8._.js:776
[  191191ms] [LOG] [Fast Refresh] done in 26ms @ http://localhost:3111/_next/static/chunks/node_modules_next_dist_1e8vcs8._.js:776
[  191253ms] [LOG] [Fast Refresh] done in 26ms @ http://localhost:3111/_next/static/chunks/node_modules_next_dist_1e8vcs8._.js:776
[  191316ms] [LOG] [Fast Refresh] done in 26ms @ http://localhost:3111/_next/static/chunks/node_modules_next_dist_1e8vcs8._.js:776
[  191380ms] [LOG] [Fast Refresh] done in 26ms @ http://localhost:3111/_next/static/chunks/node_modules_next_dist_1e8vcs8._.js:776
[  191442ms] [LOG] [Fast Refresh] done in 26ms @ http://localhost:3111/_next/static/chunks/node_modules_next_dist_1e8vcs8._.js:776
[  191504ms] [LOG] [Fast Refresh] done in 26ms @ http://localhost:3111/_next/static/chunks/node_modules_next_dist_1e8vcs8._.js:776
[  191566ms] [LOG] [Fast Refresh] done in 26ms @ http://localhost:3111/_next/static/chunks/node_modules_next_dist_1e8vcs8._.js:776
[  191628ms] [LOG] [Fast Refresh] done in 26ms @ http://localhost:3111/_next/static/chunks/node_modules_next_dist_1e8vcs8._.js:776
[  191691ms] [LOG] [Fast Refresh] done in 26ms @ http://localhost:3111/_next/static/chunks/node_modules_next_dist_1e8vcs8._.js:776
[  191738ms] [LOG] [Fast Refresh] done in 26ms @ http://localhost:3111/_next/static/chunks/node_modules_next_dist_1e8vcs8._.js:776
[  191802ms] [LOG] [Fast Refresh] done in 26ms @ http://localhost:3111/_next/static/chunks/node_modules_next_dist_1e8vcs8._.js:776
[  191864ms] [LOG] [Fast Refresh] done in 26ms @ http://localhost:3111/_next/static/chunks/node_modules_next_dist_1e8vcs8._.js:776
[  191927ms] [LOG] [Fast Refresh] done in 26ms @ http://localhost:3111/_next/static/chunks/node_modules_next_dist_1e8vcs8._.js:776
[  191989ms] [LOG] [Fast Refresh] done in 26ms @ http://localhost:3111/_next/static/chunks/node_modules_next_dist_1e8vcs8._.js:776
[  192050ms] [LOG] [Fast Refresh] done in 26ms @ http://localhost:3111/_next/static/chunks/node_modules_next_dist_1e8vcs8._.js:776
[  192111ms] [LOG] [Fast Refresh] done in 26ms @ http://localhost:3111/_next/static/chunks/node_modules_next_dist_1e8vcs8._.js:776
[  192173ms] [LOG] [Fast Refresh] done in 26ms @ http://localhost:3111/_next/static/chunks/node_modules_next_dist_1e8vcs8._.js:776
[  192235ms] [LOG] [Fast Refresh] done in 26ms @ http://localhost:3111/_next/static/chunks/node_modules_next_dist_1e8vcs8._.js:776
[  192297ms] [LOG] [Fast Refresh] done in 26ms @ http://localhost:3111/_next/static/chunks/node_modules_next_dist_1e8vcs8._.js:776
[  192360ms] [LOG] [Fast Refresh] done in 26ms @ http://localhost:3111/_next/static/chunks/node_modules_next_dist_1e8vcs8._.js:776
[  192421ms] [LOG] [Fast Refresh] done in 26ms @ http://localhost:3111/_next/static/chunks/node_modules_next_dist_1e8vcs8._.js:776
[  192483ms] [LOG] [Fast Refresh] done in 26ms @ http://localhost:3111/_next/static/chunks/node_modules_next_dist_1e8vcs8._.js:776
[  192545ms] [LOG] [Fast Refresh] done in 26ms @ http://localhost:3111/_next/static/chunks/node_modules_next_dist_1e8vcs8._.js:776
[  192608ms] [LOG] [Fast Refresh] done in 26ms @ http://localhost:3111/_next/static/chunks/node_modules_next_dist_1e8vcs8._.js:776
[  192670ms] [LOG] [Fast Refresh] done in 26ms @ http://localhost:3111/_next/static/chunks/node_modules_next_dist_1e8vcs8._.js:776
[  192732ms] [LOG] [Fast Refresh] done in 26ms @ http://localhost:3111/_next/static/chunks/node_modules_next_dist_1e8vcs8._.js:776
[  192794ms] [LOG] [Fast Refresh] done in 26ms @ http://localhost:3111/_next/static/chunks/node_modules_next_dist_1e8vcs8._.js:776
[  192856ms] [LOG] [Fast Refresh] done in 26ms @ http://localhost:3111/_next/static/chunks/node_modules_next_dist_1e8vcs8._.js:776
[  192918ms] [LOG] [Fast Refresh] done in 26ms @ http://localhost:3111/_next/static/chunks/node_modules_next_dist_1e8vcs8._.js:776
[  192981ms] [LOG] [Fast Refresh] done in 26ms @ http://localhost:3111/_next/static/chunks/node_modules_next_dist_1e8vcs8._.js:776
[  193044ms] [LOG] [Fast Refresh] done in 26ms @ http://localhost:3111/_next/static/chunks/node_modules_next_dist_1e8vcs8._.js:776
[  193106ms] [LOG] [Fast Refresh] done in 26ms @ http://localhost:3111/_next/static/chunks/node_modules_next_dist_1e8vcs8._.js:776
[  193167ms] [LOG] [Fast Refresh] done in 26ms @ http://localhost:3111/_next/static/chunks/node_modules_next_dist_1e8vcs8._.js:776
[  193214ms] [LOG] [Fast Refresh] done in 26ms @ http://localhost:3111/_next/static/chunks/node_modules_next_dist_1e8vcs8._.js:776
[  193276ms] [LOG] [Fast Refresh] done in 26ms @ http://localhost:3111/_next/static/chunks/node_modules_next_dist_1e8vcs8._.js:776
[  193339ms] [LOG] [Fast Refresh] done in 26ms @ http://localhost:3111/_next/static/chunks/node_modules_next_dist_1e8vcs8._.js:776
[  193400ms] [LOG] [Fast Refresh] done in 26ms @ http://localhost:3111/_next/static/chunks/node_modules_next_dist_1e8vcs8._.js:776
[  193462ms] [LOG] [Fast Refresh] done in 26ms @ http://localhost:3111/_next/static/chunks/node_modules_next_dist_1e8vcs8._.js:776
[  193523ms] [LOG] [Fast Refresh] done in 26ms @ http://localhost:3111/_next/static/chunks/node_modules_next_dist_1e8vcs8._.js:776
[  193584ms] [LOG] [Fast Refresh] done in 26ms @ http://localhost:3111/_next/static/chunks/node_modules_next_dist_1e8vcs8._.js:776
[  193646ms] [LOG] [Fast Refresh] done in 26ms @ http://localhost:3111/_next/static/chunks/node_modules_next_dist_1e8vcs8._.js:776
[  193709ms] [LOG] [Fast Refresh] done in 26ms @ http://localhost:3111/_next/static/chunks/node_modules_next_dist_1e8vcs8._.js:776
[  193771ms] [LOG] [Fast Refresh] done in 26ms @ http://localhost:3111/_next/static/chunks/node_modules_next_dist_1e8vcs8._.js:776
[  193832ms] [LOG] [Fast Refresh] done in 26ms @ http://localhost:3111/_next/static/chunks/node_modules_next_dist_1e8vcs8._.js:776
[  193894ms] [LOG] [Fast Refresh] done in 26ms @ http://localhost:3111/_next/static/chunks/node_modules_next_dist_1e8vcs8._.js:776
[  193948ms] [LOG] [Fast Refresh] done in 26ms @ http://localhost:3111/_next/static/chunks/node_modules_next_dist_1e8vcs8._.js:776
[  194003ms] [LOG] [Fast Refresh] done in 26ms @ http://localhost:3111/_next/static/chunks/node_modules_next_dist_1e8vcs8._.js:776
[  194065ms] [LOG] [Fast Refresh] done in 26ms @ http://localhost:3111/_next/static/chunks/node_modules_next_dist_1e8vcs8._.js:776
[  194125ms] [LOG] [Fast Refresh] done in 26ms @ http://localhost:3111/_next/static/chunks/node_modules_next_dist_1e8vcs8._.js:776
[  194188ms] [LOG] [Fast Refresh] done in 26ms @ http://localhost:3111/_next/static/chunks/node_modules_next_dist_1e8vcs8._.js:776
[  194251ms] [LOG] [Fast Refresh] done in 26ms @ http://localhost:3111/_next/static/chunks/node_modules_next_dist_1e8vcs8._.js:776
[  194298ms] [LOG] [Fast Refresh] done in 26ms @ http://localhost:3111/_next/static/chunks/node_modules_next_dist_1e8vcs8._.js:776
[  194361ms] [LOG] [Fast Refresh] done in 26ms @ http://localhost:3111/_next/static/chunks/node_modules_next_dist_1e8vcs8._.js:776
[  194420ms] [LOG] [Fast Refresh] done in 26ms @ http://localhost:3111/_next/static/chunks/node_modules_next_dist_1e8vcs8._.js:776
[  194468ms] [LOG] [Fast Refresh] done in 26ms @ http://localhost:3111/_next/static/chunks/node_modules_next_dist_1e8vcs8._.js:776
[  194531ms] [LOG] [Fast Refresh] done in 26ms @ http://localhost:3111/_next/static/chunks/node_modules_next_dist_1e8vcs8._.js:776
[  194592ms] [LOG] [Fast Refresh] done in 26ms @ http://localhost:3111/_next/static/chunks/node_modules_next_dist_1e8vcs8._.js:776
[  194653ms] [LOG] [Fast Refresh] done in 26ms @ http://localhost:3111/_next/static/chunks/node_modules_next_dist_1e8vcs8._.js:776
[  194716ms] [LOG] [Fast Refresh] done in 26ms @ http://localhost:3111/_next/static/chunks/node_modules_next_dist_1e8vcs8._.js:776
[  194778ms] [LOG] [Fast Refresh] done in 26ms @ http://localhost:3111/_next/static/chunks/node_modules_next_dist_1e8vcs8._.js:776
[  194840ms] [LOG] [Fast Refresh] done in 26ms @ http://localhost:3111/_next/static/chunks/node_modules_next_dist_1e8vcs8._.js:776
[  194903ms] [LOG] [Fast Refresh] done in 26ms @ http://localhost:3111/_next/static/chunks/node_modules_next_dist_1e8vcs8._.js:776
[  194951ms] [LOG] [Fast Refresh] done in 26ms @ http://localhost:3111/_next/static/chunks/node_modules_next_dist_1e8vcs8._.js:776
[  194998ms] [LOG] [Fast Refresh] done in 26ms @ http://localhost:3111/_next/static/chunks/node_modules_next_dist_1e8vcs8._.js:776
[  195060ms] [LOG] [Fast Refresh] done in 26ms @ http://localhost:3111/_next/static/chunks/node_modules_next_dist_1e8vcs8._.js:776
[  195121ms] [LOG] [Fast Refresh] done in 26ms @ http://localhost:3111/_next/static/chunks/node_modules_next_dist_1e8vcs8._.js:776
[  195168ms] [LOG] [Fast Refresh] done in 26ms @ http://localhost:3111/_next/static/chunks/node_modules_next_dist_1e8vcs8._.js:776
[  195231ms] [LOG] [Fast Refresh] done in 26ms @ http://localhost:3111/_next/static/chunks/node_modules_next_dist_1e8vcs8._.js:776
[  195293ms] [LOG] [Fast Refresh] done in 26ms @ http://localhost:3111/_next/static/chunks/node_modules_next_dist_1e8vcs8._.js:776
[  195356ms] [LOG] [Fast Refresh] done in 26ms @ http://localhost:3111/_next/static/chunks/node_modules_next_dist_1e8vcs8._.js:776
[  195416ms] [LOG] [Fast Refresh] done in 26ms @ http://localhost:3111/_next/static/chunks/node_modules_next_dist_1e8vcs8._.js:776
[  195479ms] [LOG] [Fast Refresh] done in 26ms @ http://localhost:3111/_next/static/chunks/node_modules_next_dist_1e8vcs8._.js:776
[  195540ms] [LOG] [Fast Refresh] done in 26ms @ http://localhost:3111/_next/static/chunks/node_modules_next_dist_1e8vcs8._.js:776
[  195604ms] [LOG] [Fast Refresh] done in 26ms @ http://localhost:3111/_next/static/chunks/node_modules_next_dist_1e8vcs8._.js:776
[  195664ms] [LOG] [Fast Refresh] done in 26ms @ http://localhost:3111/_next/static/chunks/node_modules_next_dist_1e8vcs8._.js:776
[  195725ms] [LOG] [Fast Refresh] done in 26ms @ http://localhost:3111/_next/static/chunks/node_modules_next_dist_1e8vcs8._.js:776
[  195787ms] [LOG] [Fast Refresh] done in 26ms @ http://localhost:3111/_next/static/chunks/node_modules_next_dist_1e8vcs8._.js:776
[  195849ms] [LOG] [Fast Refresh] done in 26ms @ http://localhost:3111/_next/static/chunks/node_modules_next_dist_1e8vcs8._.js:776
[  195896ms] [LOG] [Fast Refresh] done in 26ms @ http://localhost:3111/_next/static/chunks/node_modules_next_dist_1e8vcs8._.js:776
[  195950ms] [LOG] [Fast Refresh] done in 26ms @ http://localhost:3111/_next/static/chunks/node_modules_next_dist_1e8vcs8._.js:776
[  196006ms] [LOG] [Fast Refresh] done in 26ms @ http://localhost:3111/_next/static/chunks/node_modules_next_dist_1e8vcs8._.js:776
[  196069ms] [LOG] [Fast Refresh] done in 26ms @ http://localhost:3111/_next/static/chunks/node_modules_next_dist_1e8vcs8._.js:776
[  196131ms] [LOG] [Fast Refresh] done in 26ms @ http://localhost:3111/_next/static/chunks/node_modules_next_dist_1e8vcs8._.js:776
[  196193ms] [LOG] [Fast Refresh] done in 26ms @ http://localhost:3111/_next/static/chunks/node_modules_next_dist_1e8vcs8._.js:776
[  196254ms] [LOG] [Fast Refresh] done in 26ms @ http://localhost:3111/_next/static/chunks/node_modules_next_dist_1e8vcs8._.js:776
[  196316ms] [LOG] [Fast Refresh] done in 26ms @ http://localhost:3111/_next/static/chunks/node_modules_next_dist_1e8vcs8._.js:776
[  196379ms] [LOG] [Fast Refresh] done in 26ms @ http://localhost:3111/_next/static/chunks/node_modules_next_dist_1e8vcs8._.js:776
[  196442ms] [LOG] [Fast Refresh] done in 26ms @ http://localhost:3111/_next/static/chunks/node_modules_next_dist_1e8vcs8._.js:776
[  196503ms] [LOG] [Fast Refresh] done in 26ms @ http://localhost:3111/_next/static/chunks/node_modules_next_dist_1e8vcs8._.js:776
[  196565ms] [LOG] [Fast Refresh] done in 26ms @ http://localhost:3111/_next/static/chunks/node_modules_next_dist_1e8vcs8._.js:776
[  196627ms] [LOG] [Fast Refresh] done in 26ms @ http://localhost:3111/_next/static/chunks/node_modules_next_dist_1e8vcs8._.js:776
[  196688ms] [LOG] [Fast Refresh] done in 26ms @ http://localhost:3111/_next/static/chunks/node_modules_next_dist_1e8vcs8._.js:776
[  196749ms] [LOG] [Fast Refresh] done in 26ms @ http://localhost:3111/_next/static/chunks/node_modules_next_dist_1e8vcs8._.js:776
[  196812ms] [LOG] [Fast Refresh] done in 26ms @ http://localhost:3111/_next/static/chunks/node_modules_next_dist_1e8vcs8._.js:776
[  196873ms] [LOG] [Fast Refresh] done in 26ms @ http://localhost:3111/_next/static/chunks/node_modules_next_dist_1e8vcs8._.js:776
[  196945ms] [LOG] [Fast Refresh] done in 26ms @ http://localhost:3111/_next/static/chunks/node_modules_next_dist_1e8vcs8._.js:776
[  196997ms] [LOG] [Fast Refresh] done in 26ms @ http://localhost:3111/_next/static/chunks/node_modules_next_dist_1e8vcs8._.js:776
[  197060ms] [LOG] [Fast Refresh] done in 26ms @ http://localhost:3111/_next/static/chunks/node_modules_next_dist_1e8vcs8._.js:776
[  197121ms] [LOG] [Fast Refresh] done in 26ms @ http://localhost:3111/_next/static/chunks/node_modules_next_dist_1e8vcs8._.js:776
[  197183ms] [LOG] [Fast Refresh] done in 26ms @ http://localhost:3111/_next/static/chunks/node_modules_next_dist_1e8vcs8._.js:776
[  197246ms] [LOG] [Fast Refresh] done in 26ms @ http://localhost:3111/_next/static/chunks/node_modules_next_dist_1e8vcs8._.js:776
[  197307ms] [LOG] [Fast Refresh] done in 26ms @ http://localhost:3111/_next/static/chunks/node_modules_next_dist_1e8vcs8._.js:776
[  197369ms] [LOG] [Fast Refresh] done in 26ms @ http://localhost:3111/_next/static/chunks/node_modules_next_dist_1e8vcs8._.js:776
[  197417ms] [LOG] [Fast Refresh] done in 26ms @ http://localhost:3111/_next/static/chunks/node_modules_next_dist_1e8vcs8._.js:776
[  197466ms] [LOG] [Fast Refresh] done in 26ms @ http://localhost:3111/_next/static/chunks/node_modules_next_dist_1e8vcs8._.js:776
[  197528ms] [LOG] [Fast Refresh] done in 26ms @ http://localhost:3111/_next/static/chunks/node_modules_next_dist_1e8vcs8._.js:776
[  197588ms] [LOG] [Fast Refresh] done in 26ms @ http://localhost:3111/_next/static/chunks/node_modules_next_dist_1e8vcs8._.js:776
[  197651ms] [LOG] [Fast Refresh] done in 26ms @ http://localhost:3111/_next/static/chunks/node_modules_next_dist_1e8vcs8._.js:776
[  197713ms] [LOG] [Fast Refresh] done in 26ms @ http://localhost:3111/_next/static/chunks/node_modules_next_dist_1e8vcs8._.js:776
[  197775ms] [LOG] [Fast Refresh] done in 26ms @ http://localhost:3111/_next/static/chunks/node_modules_next_dist_1e8vcs8._.js:776
[  197835ms] [LOG] [Fast Refresh] done in 26ms @ http://localhost:3111/_next/static/chunks/node_modules_next_dist_1e8vcs8._.js:776
[  197897ms] [LOG] [Fast Refresh] done in 26ms @ http://localhost:3111/_next/static/chunks/node_modules_next_dist_1e8vcs8._.js:776
[  197959ms] [LOG] [Fast Refresh] done in 26ms @ http://localhost:3111/_next/static/chunks/node_modules_next_dist_1e8vcs8._.js:776
[  198021ms] [LOG] [Fast Refresh] done in 26ms @ http://localhost:3111/_next/static/chunks/node_modules_next_dist_1e8vcs8._.js:776
[  198084ms] [LOG] [Fast Refresh] done in 26ms @ http://localhost:3111/_next/static/chunks/node_modules_next_dist_1e8vcs8._.js:776
[  198146ms] [LOG] [Fast Refresh] done in 26ms @ http://localhost:3111/_next/static/chunks/node_modules_next_dist_1e8vcs8._.js:776
[  198209ms] [LOG] [Fast Refresh] done in 26ms @ http://localhost:3111/_next/static/chunks/node_modules_next_dist_1e8vcs8._.js:776
[  198271ms] [LOG] [Fast Refresh] done in 26ms @ http://localhost:3111/_next/static/chunks/node_modules_next_dist_1e8vcs8._.js:776
[  198333ms] [LOG] [Fast Refresh] done in 26ms @ http://localhost:3111/_next/static/chunks/node_modules_next_dist_1e8vcs8._.js:776
[  198395ms] [LOG] [Fast Refresh] done in 26ms @ http://localhost:3111/_next/static/chunks/node_modules_next_dist_1e8vcs8._.js:776
[  198457ms] [LOG] [Fast Refresh] done in 26ms @ http://localhost:3111/_next/static/chunks/node_modules_next_dist_1e8vcs8._.js:776
[  198519ms] [LOG] [Fast Refresh] done in 26ms @ http://localhost:3111/_next/static/chunks/node_modules_next_dist_1e8vcs8._.js:776
[  198580ms] [LOG] [Fast Refresh] done in 26ms @ http://localhost:3111/_next/static/chunks/node_modules_next_dist_1e8vcs8._.js:776
[  198642ms] [LOG] [Fast Refresh] done in 26ms @ http://localhost:3111/_next/static/chunks/node_modules_next_dist_1e8vcs8._.js:776
[  198706ms] [LOG] [Fast Refresh] done in 26ms @ http://localhost:3111/_next/static/chunks/node_modules_next_dist_1e8vcs8._.js:776
[  198767ms] [LOG] [Fast Refresh] done in 26ms @ http://localhost:3111/_next/static/chunks/node_modules_next_dist_1e8vcs8._.js:776
[  198827ms] [LOG] [Fast Refresh] done in 26ms @ http://localhost:3111/_next/static/chunks/node_modules_next_dist_1e8vcs8._.js:776
[  198890ms] [LOG] [Fast Refresh] done in 26ms @ http://localhost:3111/_next/static/chunks/node_modules_next_dist_1e8vcs8._.js:776
[  198951ms] [LOG] [Fast Refresh] done in 26ms @ http://localhost:3111/_next/static/chunks/node_modules_next_dist_1e8vcs8._.js:776
[  199012ms] [LOG] [Fast Refresh] done in 26ms @ http://localhost:3111/_next/static/chunks/node_modules_next_dist_1e8vcs8._.js:776
[  199074ms] [LOG] [Fast Refresh] done in 26ms @ http://localhost:3111/_next/static/chunks/node_modules_next_dist_1e8vcs8._.js:776
[  199135ms] [LOG] [Fast Refresh] done in 26ms @ http://localhost:3111/_next/static/chunks/node_modules_next_dist_1e8vcs8._.js:776
[  199197ms] [LOG] [Fast Refresh] done in 26ms @ http://localhost:3111/_next/static/chunks/node_modules_next_dist_1e8vcs8._.js:776
[  199260ms] [LOG] [Fast Refresh] done in 26ms @ http://localhost:3111/_next/static/chunks/node_modules_next_dist_1e8vcs8._.js:776
[  199322ms] [LOG] [Fast Refresh] done in 26ms @ http://localhost:3111/_next/static/chunks/node_modules_next_dist_1e8vcs8._.js:776
[  199386ms] [LOG] [Fast Refresh] done in 26ms @ http://localhost:3111/_next/static/chunks/node_modules_next_dist_1e8vcs8._.js:776
[  199447ms] [LOG] [Fast Refresh] done in 26ms @ http://localhost:3111/_next/static/chunks/node_modules_next_dist_1e8vcs8._.js:776
[  199508ms] [LOG] [Fast Refresh] done in 26ms @ http://localhost:3111/_next/static/chunks/node_modules_next_dist_1e8vcs8._.js:776
[  199571ms] [LOG] [Fast Refresh] done in 26ms @ http://localhost:3111/_next/static/chunks/node_modules_next_dist_1e8vcs8._.js:776
[  199632ms] [LOG] [Fast Refresh] done in 26ms @ http://localhost:3111/_next/static/chunks/node_modules_next_dist_1e8vcs8._.js:776
[  199695ms] [LOG] [Fast Refresh] done in 26ms @ http://localhost:3111/_next/static/chunks/node_modules_next_dist_1e8vcs8._.js:776
[  199743ms] [LOG] [Fast Refresh] done in 26ms @ http://localhost:3111/_next/static/chunks/node_modules_next_dist_1e8vcs8._.js:776
[  199805ms] [LOG] [Fast Refresh] done in 26ms @ http://localhost:3111/_next/static/chunks/node_modules_next_dist_1e8vcs8._.js:776
[  199867ms] [LOG] [Fast Refresh] done in 26ms @ http://localhost:3111/_next/static/chunks/node_modules_next_dist_1e8vcs8._.js:776
[  199930ms] [LOG] [Fast Refresh] done in 26ms @ http://localhost:3111/_next/static/chunks/node_modules_next_dist_1e8vcs8._.js:776
[  199990ms] [LOG] [Fast Refresh] done in 26ms @ http://localhost:3111/_next/static/chunks/node_modules_next_dist_1e8vcs8._.js:776
[  200052ms] [LOG] [Fast Refresh] done in 26ms @ http://localhost:3111/_next/static/chunks/node_modules_next_dist_1e8vcs8._.js:776
[  200113ms] [LOG] [Fast Refresh] done in 26ms @ http://localhost:3111/_next/static/chunks/node_modules_next_dist_1e8vcs8._.js:776
[  200175ms] [LOG] [Fast Refresh] done in 26ms @ http://localhost:3111/_next/static/chunks/node_modules_next_dist_1e8vcs8._.js:776
[  200237ms] [LOG] [Fast Refresh] done in 26ms @ http://localhost:3111/_next/static/chunks/node_modules_next_dist_1e8vcs8._.js:776
[  200299ms] [LOG] [Fast Refresh] done in 26ms @ http://localhost:3111/_next/static/chunks/node_modules_next_dist_1e8vcs8._.js:776
[  200361ms] [LOG] [Fast Refresh] done in 26ms @ http://localhost:3111/_next/static/chunks/node_modules_next_dist_1e8vcs8._.js:776
[  200423ms] [LOG] [Fast Refresh] done in 26ms @ http://localhost:3111/_next/static/chunks/node_modules_next_dist_1e8vcs8._.js:776
[  200485ms] [LOG] [Fast Refresh] done in 26ms @ http://localhost:3111/_next/static/chunks/node_modules_next_dist_1e8vcs8._.js:776
[  200546ms] [LOG] [Fast Refresh] done in 26ms @ http://localhost:3111/_next/static/chunks/node_modules_next_dist_1e8vcs8._.js:776
[  200609ms] [LOG] [Fast Refresh] done in 26ms @ http://localhost:3111/_next/static/chunks/node_modules_next_dist_1e8vcs8._.js:776
[  200670ms] [LOG] [Fast Refresh] done in 26ms @ http://localhost:3111/_next/static/chunks/node_modules_next_dist_1e8vcs8._.js:776
[  200731ms] [LOG] [Fast Refresh] done in 26ms @ http://localhost:3111/_next/static/chunks/node_modules_next_dist_1e8vcs8._.js:776
[  200793ms] [LOG] [Fast Refresh] done in 26ms @ http://localhost:3111/_next/static/chunks/node_modules_next_dist_1e8vcs8._.js:776
[  200840ms] [LOG] [Fast Refresh] done in 26ms @ http://localhost:3111/_next/static/chunks/node_modules_next_dist_1e8vcs8._.js:776
[  200889ms] [LOG] [Fast Refresh] done in 26ms @ http://localhost:3111/_next/static/chunks/node_modules_next_dist_1e8vcs8._.js:776
[  200950ms] [LOG] [Fast Refresh] done in 26ms @ http://localhost:3111/_next/static/chunks/node_modules_next_dist_1e8vcs8._.js:776
[  201013ms] [LOG] [Fast Refresh] done in 26ms @ http://localhost:3111/_next/static/chunks/node_modules_next_dist_1e8vcs8._.js:776
[  201075ms] [LOG] [Fast Refresh] done in 26ms @ http://localhost:3111/_next/static/chunks/node_modules_next_dist_1e8vcs8._.js:776
[  201138ms] [LOG] [Fast Refresh] done in 26ms @ http://localhost:3111/_next/static/chunks/node_modules_next_dist_1e8vcs8._.js:776
[  201201ms] [LOG] [Fast Refresh] done in 26ms @ http://localhost:3111/_next/static/chunks/node_modules_next_dist_1e8vcs8._.js:776
[  201249ms] [LOG] [Fast Refresh] done in 26ms @ http://localhost:3111/_next/static/chunks/node_modules_next_dist_1e8vcs8._.js:776
[  201312ms] [LOG] [Fast Refresh] done in 26ms @ http://localhost:3111/_next/static/chunks/node_modules_next_dist_1e8vcs8._.js:776
[  201375ms] [LOG] [Fast Refresh] done in 26ms @ http://localhost:3111/_next/static/chunks/node_modules_next_dist_1e8vcs8._.js:776
[  201438ms] [LOG] [Fast Refresh] done in 26ms @ http://localhost:3111/_next/static/chunks/node_modules_next_dist_1e8vcs8._.js:776
[  201500ms] [LOG] [Fast Refresh] done in 26ms @ http://localhost:3111/_next/static/chunks/node_modules_next_dist_1e8vcs8._.js:776
[  201562ms] [LOG] [Fast Refresh] done in 26ms @ http://localhost:3111/_next/static/chunks/node_modules_next_dist_1e8vcs8._.js:776
[  201624ms] [LOG] [Fast Refresh] done in 26ms @ http://localhost:3111/_next/static/chunks/node_modules_next_dist_1e8vcs8._.js:776
[  201686ms] [LOG] [Fast Refresh] done in 26ms @ http://localhost:3111/_next/static/chunks/node_modules_next_dist_1e8vcs8._.js:776
[  201734ms] [LOG] [Fast Refresh] done in 26ms @ http://localhost:3111/_next/static/chunks/node_modules_next_dist_1e8vcs8._.js:776
[  201781ms] [LOG] [Fast Refresh] done in 26ms @ http://localhost:3111/_next/static/chunks/node_modules_next_dist_1e8vcs8._.js:776
[  201844ms] [LOG] [Fast Refresh] done in 26ms @ http://localhost:3111/_next/static/chunks/node_modules_next_dist_1e8vcs8._.js:776
[  201905ms] [LOG] [Fast Refresh] done in 26ms @ http://localhost:3111/_next/static/chunks/node_modules_next_dist_1e8vcs8._.js:776
[  201968ms] [LOG] [Fast Refresh] done in 26ms @ http://localhost:3111/_next/static/chunks/node_modules_next_dist_1e8vcs8._.js:776
[  202030ms] [LOG] [Fast Refresh] done in 26ms @ http://localhost:3111/_next/static/chunks/node_modules_next_dist_1e8vcs8._.js:776
[  202092ms] [LOG] [Fast Refresh] done in 26ms @ http://localhost:3111/_next/static/chunks/node_modules_next_dist_1e8vcs8._.js:776
[  202152ms] [LOG] [Fast Refresh] done in 26ms @ http://localhost:3111/_next/static/chunks/node_modules_next_dist_1e8vcs8._.js:776
[  202215ms] [LOG] [Fast Refresh] done in 26ms @ http://localhost:3111/_next/static/chunks/node_modules_next_dist_1e8vcs8._.js:776
[  202279ms] [LOG] [Fast Refresh] done in 26ms @ http://localhost:3111/_next/static/chunks/node_modules_next_dist_1e8vcs8._.js:776
[  202340ms] [LOG] [Fast Refresh] done in 26ms @ http://localhost:3111/_next/static/chunks/node_modules_next_dist_1e8vcs8._.js:776
[  202401ms] [LOG] [Fast Refresh] done in 26ms @ http://localhost:3111/_next/static/chunks/node_modules_next_dist_1e8vcs8._.js:776
[  202463ms] [LOG] [Fast Refresh] done in 26ms @ http://localhost:3111/_next/static/chunks/node_modules_next_dist_1e8vcs8._.js:776
[  202524ms] [LOG] [Fast Refresh] done in 26ms @ http://localhost:3111/_next/static/chunks/node_modules_next_dist_1e8vcs8._.js:776
[  202587ms] [LOG] [Fast Refresh] done in 26ms @ http://localhost:3111/_next/static/chunks/node_modules_next_dist_1e8vcs8._.js:776
[  202634ms] [LOG] [Fast Refresh] done in 26ms @ http://localhost:3111/_next/static/chunks/node_modules_next_dist_1e8vcs8._.js:776
[  202680ms] [LOG] [Fast Refresh] done in 26ms @ http://localhost:3111/_next/static/chunks/node_modules_next_dist_1e8vcs8._.js:776
[  202743ms] [LOG] [Fast Refresh] done in 26ms @ http://localhost:3111/_next/static/chunks/node_modules_next_dist_1e8vcs8._.js:776
[  202791ms] [LOG] [Fast Refresh] done in 26ms @ http://localhost:3111/_next/static/chunks/node_modules_next_dist_1e8vcs8._.js:776
[  202837ms] [LOG] [Fast Refresh] done in 26ms @ http://localhost:3111/_next/static/chunks/node_modules_next_dist_1e8vcs8._.js:776
[  202900ms] [LOG] [Fast Refresh] done in 26ms @ http://localhost:3111/_next/static/chunks/node_modules_next_dist_1e8vcs8._.js:776
[  202962ms] [LOG] [Fast Refresh] done in 26ms @ http://localhost:3111/_next/static/chunks/node_modules_next_dist_1e8vcs8._.js:776
[  203025ms] [LOG] [Fast Refresh] done in 26ms @ http://localhost:3111/_next/static/chunks/node_modules_next_dist_1e8vcs8._.js:776
[  203089ms] [LOG] [Fast Refresh] done in 26ms @ http://localhost:3111/_next/static/chunks/node_modules_next_dist_1e8vcs8._.js:776
[  203151ms] [LOG] [Fast Refresh] done in 26ms @ http://localhost:3111/_next/static/chunks/node_modules_next_dist_1e8vcs8._.js:776
[  203213ms] [LOG] [Fast Refresh] done in 26ms @ http://localhost:3111/_next/static/chunks/node_modules_next_dist_1e8vcs8._.js:776
[  203277ms] [LOG] [Fast Refresh] done in 26ms @ http://localhost:3111/_next/static/chunks/node_modules_next_dist_1e8vcs8._.js:776
[  203337ms] [LOG] [Fast Refresh] done in 26ms @ http://localhost:3111/_next/static/chunks/node_modules_next_dist_1e8vcs8._.js:776
[  203415ms] [LOG] [Fast Refresh] done in 26ms @ http://localhost:3111/_next/static/chunks/node_modules_next_dist_1e8vcs8._.js:776
[  203479ms] [LOG] [Fast Refresh] done in 26ms @ http://localhost:3111/_next/static/chunks/node_modules_next_dist_1e8vcs8._.js:776
[  203541ms] [LOG] [Fast Refresh] done in 26ms @ http://localhost:3111/_next/static/chunks/node_modules_next_dist_1e8vcs8._.js:776
[  203588ms] [LOG] [Fast Refresh] done in 26ms @ http://localhost:3111/_next/static/chunks/node_modules_next_dist_1e8vcs8._.js:776
[  203651ms] [LOG] [Fast Refresh] done in 26ms @ http://localhost:3111/_next/static/chunks/node_modules_next_dist_1e8vcs8._.js:776
[  203713ms] [LOG] [Fast Refresh] done in 26ms @ http://localhost:3111/_next/static/chunks/node_modules_next_dist_1e8vcs8._.js:776
[  203775ms] [LOG] [Fast Refresh] done in 26ms @ http://localhost:3111/_next/static/chunks/node_modules_next_dist_1e8vcs8._.js:776
[  203836ms] [LOG] [Fast Refresh] done in 26ms @ http://localhost:3111/_next/static/chunks/node_modules_next_dist_1e8vcs8._.js:776
[  203899ms] [LOG] [Fast Refresh] done in 26ms @ http://localhost:3111/_next/static/chunks/node_modules_next_dist_1e8vcs8._.js:776
[  203961ms] [LOG] [Fast Refresh] done in 26ms @ http://localhost:3111/_next/static/chunks/node_modules_next_dist_1e8vcs8._.js:776
[  204024ms] [LOG] [Fast Refresh] done in 26ms @ http://localhost:3111/_next/static/chunks/node_modules_next_dist_1e8vcs8._.js:776
[  204087ms] [LOG] [Fast Refresh] done in 26ms @ http://localhost:3111/_next/static/chunks/node_modules_next_dist_1e8vcs8._.js:776
[  204148ms] [LOG] [Fast Refresh] done in 26ms @ http://localhost:3111/_next/static/chunks/node_modules_next_dist_1e8vcs8._.js:776
[  204210ms] [LOG] [Fast Refresh] done in 26ms @ http://localhost:3111/_next/static/chunks/node_modules_next_dist_1e8vcs8._.js:776
[  204274ms] [LOG] [Fast Refresh] done in 26ms @ http://localhost:3111/_next/static/chunks/node_modules_next_dist_1e8vcs8._.js:776
[  204335ms] [LOG] [Fast Refresh] done in 26ms @ http://localhost:3111/_next/static/chunks/node_modules_next_dist_1e8vcs8._.js:776
[  204398ms] [LOG] [Fast Refresh] done in 26ms @ http://localhost:3111/_next/static/chunks/node_modules_next_dist_1e8vcs8._.js:776
[  204459ms] [LOG] [Fast Refresh] done in 26ms @ http://localhost:3111/_next/static/chunks/node_modules_next_dist_1e8vcs8._.js:776
[  204521ms] [LOG] [Fast Refresh] done in 26ms @ http://localhost:3111/_next/static/chunks/node_modules_next_dist_1e8vcs8._.js:776
[  204583ms] [LOG] [Fast Refresh] done in 26ms @ http://localhost:3111/_next/static/chunks/node_modules_next_dist_1e8vcs8._.js:776
[  204644ms] [LOG] [Fast Refresh] done in 26ms @ http://localhost:3111/_next/static/chunks/node_modules_next_dist_1e8vcs8._.js:776
[  204706ms] [LOG] [Fast Refresh] done in 26ms @ http://localhost:3111/_next/static/chunks/node_modules_next_dist_1e8vcs8._.js:776
[  204769ms] [LOG] [Fast Refresh] done in 26ms @ http://localhost:3111/_next/static/chunks/node_modules_next_dist_1e8vcs8._.js:776
[  204830ms] [LOG] [Fast Refresh] done in 26ms @ http://localhost:3111/_next/static/chunks/node_modules_next_dist_1e8vcs8._.js:776
[  204893ms] [LOG] [Fast Refresh] done in 26ms @ http://localhost:3111/_next/static/chunks/node_modules_next_dist_1e8vcs8._.js:776
[  204954ms] [LOG] [Fast Refresh] done in 26ms @ http://localhost:3111/_next/static/chunks/node_modules_next_dist_1e8vcs8._.js:776
[  205016ms] [LOG] [Fast Refresh] done in 26ms @ http://localhost:3111/_next/static/chunks/node_modules_next_dist_1e8vcs8._.js:776
[  205077ms] [LOG] [Fast Refresh] done in 26ms @ http://localhost:3111/_next/static/chunks/node_modules_next_dist_1e8vcs8._.js:776
[  205140ms] [LOG] [Fast Refresh] done in 26ms @ http://localhost:3111/_next/static/chunks/node_modules_next_dist_1e8vcs8._.js:776
[  205201ms] [LOG] [Fast Refresh] done in 26ms @ http://localhost:3111/_next/static/chunks/node_modules_next_dist_1e8vcs8._.js:776
[  205248ms] [LOG] [Fast Refresh] done in 26ms @ http://localhost:3111/_next/static/chunks/node_modules_next_dist_1e8vcs8._.js:776
[  205311ms] [LOG] [Fast Refresh] done in 26ms @ http://localhost:3111/_next/static/chunks/node_modules_next_dist_1e8vcs8._.js:776
[  205374ms] [LOG] [Fast Refresh] done in 26ms @ http://localhost:3111/_next/static/chunks/node_modules_next_dist_1e8vcs8._.js:776
[  205436ms] [LOG] [Fast Refresh] done in 26ms @ http://localhost:3111/_next/static/chunks/node_modules_next_dist_1e8vcs8._.js:776
[  205498ms] [LOG] [Fast Refresh] done in 26ms @ http://localhost:3111/_next/static/chunks/node_modules_next_dist_1e8vcs8._.js:776
[  205560ms] [LOG] [Fast Refresh] done in 26ms @ http://localhost:3111/_next/static/chunks/node_modules_next_dist_1e8vcs8._.js:776
[  205623ms] [LOG] [Fast Refresh] done in 26ms @ http://localhost:3111/_next/static/chunks/node_modules_next_dist_1e8vcs8._.js:776
[  205685ms] [LOG] [Fast Refresh] done in 26ms @ http://localhost:3111/_next/static/chunks/node_modules_next_dist_1e8vcs8._.js:776
[  205747ms] [LOG] [Fast Refresh] done in 26ms @ http://localhost:3111/_next/static/chunks/node_modules_next_dist_1e8vcs8._.js:776
[  205794ms] [LOG] [Fast Refresh] done in 26ms @ http://localhost:3111/_next/static/chunks/node_modules_next_dist_1e8vcs8._.js:776
[  205857ms] [LOG] [Fast Refresh] done in 26ms @ http://localhost:3111/_next/static/chunks/node_modules_next_dist_1e8vcs8._.js:776
[  205919ms] [LOG] [Fast Refresh] done in 26ms @ http://localhost:3111/_next/static/chunks/node_modules_next_dist_1e8vcs8._.js:776
[  205982ms] [LOG] [Fast Refresh] done in 26ms @ http://localhost:3111/_next/static/chunks/node_modules_next_dist_1e8vcs8._.js:776
[  206042ms] [LOG] [Fast Refresh] done in 26ms @ http://localhost:3111/_next/static/chunks/node_modules_next_dist_1e8vcs8._.js:776
[  206105ms] [LOG] [Fast Refresh] done in 26ms @ http://localhost:3111/_next/static/chunks/node_modules_next_dist_1e8vcs8._.js:776
[  206166ms] [LOG] [Fast Refresh] done in 26ms @ http://localhost:3111/_next/static/chunks/node_modules_next_dist_1e8vcs8._.js:776
[  206226ms] [LOG] [Fast Refresh] done in 26ms @ http://localhost:3111/_next/static/chunks/node_modules_next_dist_1e8vcs8._.js:776
[  206273ms] [LOG] [Fast Refresh] done in 26ms @ http://localhost:3111/_next/static/chunks/node_modules_next_dist_1e8vcs8._.js:776
[  206333ms] [LOG] [Fast Refresh] done in 26ms @ http://localhost:3111/_next/static/chunks/node_modules_next_dist_1e8vcs8._.js:776
[  206397ms] [LOG] [Fast Refresh] done in 26ms @ http://localhost:3111/_next/static/chunks/node_modules_next_dist_1e8vcs8._.js:776
[  206459ms] [LOG] [Fast Refresh] done in 26ms @ http://localhost:3111/_next/static/chunks/node_modules_next_dist_1e8vcs8._.js:776
[  206523ms] [LOG] [Fast Refresh] done in 26ms @ http://localhost:3111/_next/static/chunks/node_modules_next_dist_1e8vcs8._.js:776
[  206584ms] [LOG] [Fast Refresh] done in 26ms @ http://localhost:3111/_next/static/chunks/node_modules_next_dist_1e8vcs8._.js:776
[  206631ms] [LOG] [Fast Refresh] done in 26ms @ http://localhost:3111/_next/static/chunks/node_modules_next_dist_1e8vcs8._.js:776
[  206693ms] [LOG] [Fast Refresh] done in 26ms @ http://localhost:3111/_next/static/chunks/node_modules_next_dist_1e8vcs8._.js:776
[  206757ms] [LOG] [Fast Refresh] done in 26ms @ http://localhost:3111/_next/static/chunks/node_modules_next_dist_1e8vcs8._.js:776
[  206820ms] [LOG] [Fast Refresh] done in 26ms @ http://localhost:3111/_next/static/chunks/node_modules_next_dist_1e8vcs8._.js:776
[  206867ms] [LOG] [Fast Refresh] done in 26ms @ http://localhost:3111/_next/static/chunks/node_modules_next_dist_1e8vcs8._.js:776
[  206912ms] [LOG] [Fast Refresh] done in 26ms @ http://localhost:3111/_next/static/chunks/node_modules_next_dist_1e8vcs8._.js:776
[  206974ms] [LOG] [Fast Refresh] done in 26ms @ http://localhost:3111/_next/static/chunks/node_modules_next_dist_1e8vcs8._.js:776
[  207036ms] [LOG] [Fast Refresh] done in 26ms @ http://localhost:3111/_next/static/chunks/node_modules_next_dist_1e8vcs8._.js:776
[  207097ms] [LOG] [Fast Refresh] done in 26ms @ http://localhost:3111/_next/static/chunks/node_modules_next_dist_1e8vcs8._.js:776
[  207159ms] [LOG] [Fast Refresh] done in 26ms @ http://localhost:3111/_next/static/chunks/node_modules_next_dist_1e8vcs8._.js:776
[  207220ms] [LOG] [Fast Refresh] done in 26ms @ http://localhost:3111/_next/static/chunks/node_modules_next_dist_1e8vcs8._.js:776
[  207282ms] [LOG] [Fast Refresh] done in 26ms @ http://localhost:3111/_next/static/chunks/node_modules_next_dist_1e8vcs8._.js:776
[  207344ms] [LOG] [Fast Refresh] done in 26ms @ http://localhost:3111/_next/static/chunks/node_modules_next_dist_1e8vcs8._.js:776
[  207406ms] [LOG] [Fast Refresh] done in 26ms @ http://localhost:3111/_next/static/chunks/node_modules_next_dist_1e8vcs8._.js:776
[  207468ms] [LOG] [Fast Refresh] done in 26ms @ http://localhost:3111/_next/static/chunks/node_modules_next_dist_1e8vcs8._.js:776
[  207514ms] [LOG] [Fast Refresh] done in 26ms @ http://localhost:3111/_next/static/chunks/node_modules_next_dist_1e8vcs8._.js:776
[  207576ms] [LOG] [Fast Refresh] done in 26ms @ http://localhost:3111/_next/static/chunks/node_modules_next_dist_1e8vcs8._.js:776
[  207638ms] [LOG] [Fast Refresh] done in 26ms @ http://localhost:3111/_next/static/chunks/node_modules_next_dist_1e8vcs8._.js:776
[  207700ms] [LOG] [Fast Refresh] done in 26ms @ http://localhost:3111/_next/static/chunks/node_modules_next_dist_1e8vcs8._.js:776
[  207763ms] [LOG] [Fast Refresh] done in 26ms @ http://localhost:3111/_next/static/chunks/node_modules_next_dist_1e8vcs8._.js:776
[  207826ms] [LOG] [Fast Refresh] done in 26ms @ http://localhost:3111/_next/static/chunks/node_modules_next_dist_1e8vcs8._.js:776
[  207887ms] [LOG] [Fast Refresh] done in 26ms @ http://localhost:3111/_next/static/chunks/node_modules_next_dist_1e8vcs8._.js:776
[  207949ms] [LOG] [Fast Refresh] done in 26ms @ http://localhost:3111/_next/static/chunks/node_modules_next_dist_1e8vcs8._.js:776
[  208011ms] [LOG] [Fast Refresh] done in 26ms @ http://localhost:3111/_next/static/chunks/node_modules_next_dist_1e8vcs8._.js:776
[  208073ms] [LOG] [Fast Refresh] done in 26ms @ http://localhost:3111/_next/static/chunks/node_modules_next_dist_1e8vcs8._.js:776
[  208135ms] [LOG] [Fast Refresh] done in 26ms @ http://localhost:3111/_next/static/chunks/node_modules_next_dist_1e8vcs8._.js:776
[  208197ms] [LOG] [Fast Refresh] done in 26ms @ http://localhost:3111/_next/static/chunks/node_modules_next_dist_1e8vcs8._.js:776
[  208259ms] [LOG] [Fast Refresh] done in 26ms @ http://localhost:3111/_next/static/chunks/node_modules_next_dist_1e8vcs8._.js:776
[  208321ms] [LOG] [Fast Refresh] done in 26ms @ http://localhost:3111/_next/static/chunks/node_modules_next_dist_1e8vcs8._.js:776
[  208385ms] [LOG] [Fast Refresh] done in 26ms @ http://localhost:3111/_next/static/chunks/node_modules_next_dist_1e8vcs8._.js:776
[  208447ms] [LOG] [Fast Refresh] done in 26ms @ http://localhost:3111/_next/static/chunks/node_modules_next_dist_1e8vcs8._.js:776
[  208508ms] [LOG] [Fast Refresh] done in 26ms @ http://localhost:3111/_next/static/chunks/node_modules_next_dist_1e8vcs8._.js:776
[  208570ms] [LOG] [Fast Refresh] done in 26ms @ http://localhost:3111/_next/static/chunks/node_modules_next_dist_1e8vcs8._.js:776
[  208631ms] [LOG] [Fast Refresh] done in 26ms @ http://localhost:3111/_next/static/chunks/node_modules_next_dist_1e8vcs8._.js:776
[  208694ms] [LOG] [Fast Refresh] done in 26ms @ http://localhost:3111/_next/static/chunks/node_modules_next_dist_1e8vcs8._.js:776
[  208755ms] [LOG] [Fast Refresh] done in 26ms @ http://localhost:3111/_next/static/chunks/node_modules_next_dist_1e8vcs8._.js:776
[  208817ms] [LOG] [Fast Refresh] done in 26ms @ http://localhost:3111/_next/static/chunks/node_modules_next_dist_1e8vcs8._.js:776
[  208878ms] [LOG] [Fast Refresh] done in 26ms @ http://localhost:3111/_next/static/chunks/node_modules_next_dist_1e8vcs8._.js:776
[  208948ms] [LOG] [Fast Refresh] done in 26ms @ http://localhost:3111/_next/static/chunks/node_modules_next_dist_1e8vcs8._.js:776
[  209004ms] [LOG] [Fast Refresh] done in 26ms @ http://localhost:3111/_next/static/chunks/node_modules_next_dist_1e8vcs8._.js:776
[  209066ms] [LOG] [Fast Refresh] done in 26ms @ http://localhost:3111/_next/static/chunks/node_modules_next_dist_1e8vcs8._.js:776
[  209128ms] [LOG] [Fast Refresh] done in 26ms @ http://localhost:3111/_next/static/chunks/node_modules_next_dist_1e8vcs8._.js:776
[  209190ms] [LOG] [Fast Refresh] done in 26ms @ http://localhost:3111/_next/static/chunks/node_modules_next_dist_1e8vcs8._.js:776
[  209252ms] [LOG] [Fast Refresh] done in 26ms @ http://localhost:3111/_next/static/chunks/node_modules_next_dist_1e8vcs8._.js:776
[  209313ms] [LOG] [Fast Refresh] done in 26ms @ http://localhost:3111/_next/static/chunks/node_modules_next_dist_1e8vcs8._.js:776
[  209375ms] [LOG] [Fast Refresh] done in 26ms @ http://localhost:3111/_next/static/chunks/node_modules_next_dist_1e8vcs8._.js:776
[  209437ms] [LOG] [Fast Refresh] done in 26ms @ http://localhost:3111/_next/static/chunks/node_modules_next_dist_1e8vcs8._.js:776
[  209499ms] [LOG] [Fast Refresh] done in 26ms @ http://localhost:3111/_next/static/chunks/node_modules_next_dist_1e8vcs8._.js:776
[  209561ms] [LOG] [Fast Refresh] done in 26ms @ http://localhost:3111/_next/static/chunks/node_modules_next_dist_1e8vcs8._.js:776
[  209622ms] [LOG] [Fast Refresh] done in 26ms @ http://localhost:3111/_next/static/chunks/node_modules_next_dist_1e8vcs8._.js:776
[  209685ms] [LOG] [Fast Refresh] done in 26ms @ http://localhost:3111/_next/static/chunks/node_modules_next_dist_1e8vcs8._.js:776
[  209747ms] [LOG] [Fast Refresh] done in 26ms @ http://localhost:3111/_next/static/chunks/node_modules_next_dist_1e8vcs8._.js:776
[  209809ms] [LOG] [Fast Refresh] done in 26ms @ http://localhost:3111/_next/static/chunks/node_modules_next_dist_1e8vcs8._.js:776
[  209872ms] [LOG] [Fast Refresh] done in 26ms @ http://localhost:3111/_next/static/chunks/node_modules_next_dist_1e8vcs8._.js:776
[  209941ms] [LOG] [Fast Refresh] done in 26ms @ http://localhost:3111/_next/static/chunks/node_modules_next_dist_1e8vcs8._.js:776
[  209998ms] [LOG] [Fast Refresh] done in 26ms @ http://localhost:3111/_next/static/chunks/node_modules_next_dist_1e8vcs8._.js:776
[  210045ms] [LOG] [Fast Refresh] done in 26ms @ http://localhost:3111/_next/static/chunks/node_modules_next_dist_1e8vcs8._.js:776
[  210106ms] [LOG] [Fast Refresh] done in 26ms @ http://localhost:3111/_next/static/chunks/node_modules_next_dist_1e8vcs8._.js:776
[  210153ms] [LOG] [Fast Refresh] done in 26ms @ http://localhost:3111/_next/static/chunks/node_modules_next_dist_1e8vcs8._.js:776
[  210214ms] [LOG] [Fast Refresh] done in 26ms @ http://localhost:3111/_next/static/chunks/node_modules_next_dist_1e8vcs8._.js:776
[  210275ms] [LOG] [Fast Refresh] done in 26ms @ http://localhost:3111/_next/static/chunks/node_modules_next_dist_1e8vcs8._.js:776
[  210336ms] [LOG] [Fast Refresh] done in 26ms @ http://localhost:3111/_next/static/chunks/node_modules_next_dist_1e8vcs8._.js:776
[  210397ms] [LOG] [Fast Refresh] done in 26ms @ http://localhost:3111/_next/static/chunks/node_modules_next_dist_1e8vcs8._.js:776
[  210457ms] [LOG] [Fast Refresh] done in 26ms @ http://localhost:3111/_next/static/chunks/node_modules_next_dist_1e8vcs8._.js:776
[  210519ms] [LOG] [Fast Refresh] done in 26ms @ http://localhost:3111/_next/static/chunks/node_modules_next_dist_1e8vcs8._.js:776
[  210581ms] [LOG] [Fast Refresh] done in 26ms @ http://localhost:3111/_next/static/chunks/node_modules_next_dist_1e8vcs8._.js:776
[  210644ms] [LOG] [Fast Refresh] done in 26ms @ http://localhost:3111/_next/static/chunks/node_modules_next_dist_1e8vcs8._.js:776
[  210706ms] [LOG] [Fast Refresh] done in 26ms @ http://localhost:3111/_next/static/chunks/node_modules_next_dist_1e8vcs8._.js:776
[  210767ms] [LOG] [Fast Refresh] done in 26ms @ http://localhost:3111/_next/static/chunks/node_modules_next_dist_1e8vcs8._.js:776
[  210828ms] [LOG] [Fast Refresh] done in 26ms @ http://localhost:3111/_next/static/chunks/node_modules_next_dist_1e8vcs8._.js:776
[  210889ms] [LOG] [Fast Refresh] done in 26ms @ http://localhost:3111/_next/static/chunks/node_modules_next_dist_1e8vcs8._.js:776
[  210951ms] [LOG] [Fast Refresh] done in 26ms @ http://localhost:3111/_next/static/chunks/node_modules_next_dist_1e8vcs8._.js:776
[  211012ms] [LOG] [Fast Refresh] done in 26ms @ http://localhost:3111/_next/static/chunks/node_modules_next_dist_1e8vcs8._.js:776
[  211074ms] [LOG] [Fast Refresh] done in 26ms @ http://localhost:3111/_next/static/chunks/node_modules_next_dist_1e8vcs8._.js:776
[  211135ms] [LOG] [Fast Refresh] done in 26ms @ http://localhost:3111/_next/static/chunks/node_modules_next_dist_1e8vcs8._.js:776
[  211196ms] [LOG] [Fast Refresh] done in 26ms @ http://localhost:3111/_next/static/chunks/node_modules_next_dist_1e8vcs8._.js:776
[  211259ms] [LOG] [Fast Refresh] done in 26ms @ http://localhost:3111/_next/static/chunks/node_modules_next_dist_1e8vcs8._.js:776
[  211320ms] [LOG] [Fast Refresh] done in 26ms @ http://localhost:3111/_next/static/chunks/node_modules_next_dist_1e8vcs8._.js:776
[  211382ms] [LOG] [Fast Refresh] done in 26ms @ http://localhost:3111/_next/static/chunks/node_modules_next_dist_1e8vcs8._.js:776
[  211443ms] [LOG] [Fast Refresh] done in 26ms @ http://localhost:3111/_next/static/chunks/node_modules_next_dist_1e8vcs8._.js:776
[  211504ms] [LOG] [Fast Refresh] done in 26ms @ http://localhost:3111/_next/static/chunks/node_modules_next_dist_1e8vcs8._.js:776
[  211566ms] [LOG] [Fast Refresh] done in 26ms @ http://localhost:3111/_next/static/chunks/node_modules_next_dist_1e8vcs8._.js:776
[  211627ms] [LOG] [Fast Refresh] done in 26ms @ http://localhost:3111/_next/static/chunks/node_modules_next_dist_1e8vcs8._.js:776
[  211689ms] [LOG] [Fast Refresh] done in 26ms @ http://localhost:3111/_next/static/chunks/node_modules_next_dist_1e8vcs8._.js:776
[  211750ms] [LOG] [Fast Refresh] done in 26ms @ http://localhost:3111/_next/static/chunks/node_modules_next_dist_1e8vcs8._.js:776
[  211811ms] [LOG] [Fast Refresh] done in 26ms @ http://localhost:3111/_next/static/chunks/node_modules_next_dist_1e8vcs8._.js:776
[  211874ms] [LOG] [Fast Refresh] done in 26ms @ http://localhost:3111/_next/static/chunks/node_modules_next_dist_1e8vcs8._.js:776
[  211942ms] [LOG] [Fast Refresh] done in 26ms @ http://localhost:3111/_next/static/chunks/node_modules_next_dist_1e8vcs8._.js:776
[  211997ms] [LOG] [Fast Refresh] done in 26ms @ http://localhost:3111/_next/static/chunks/node_modules_next_dist_1e8vcs8._.js:776
[  212058ms] [LOG] [Fast Refresh] done in 26ms @ http://localhost:3111/_next/static/chunks/node_modules_next_dist_1e8vcs8._.js:776
[  212119ms] [LOG] [Fast Refresh] done in 26ms @ http://localhost:3111/_next/static/chunks/node_modules_next_dist_1e8vcs8._.js:776
[  212181ms] [LOG] [Fast Refresh] done in 26ms @ http://localhost:3111/_next/static/chunks/node_modules_next_dist_1e8vcs8._.js:776
[  212242ms] [LOG] [Fast Refresh] done in 26ms @ http://localhost:3111/_next/static/chunks/node_modules_next_dist_1e8vcs8._.js:776
[  212304ms] [LOG] [Fast Refresh] done in 26ms @ http://localhost:3111/_next/static/chunks/node_modules_next_dist_1e8vcs8._.js:776
[  212365ms] [LOG] [Fast Refresh] done in 26ms @ http://localhost:3111/_next/static/chunks/node_modules_next_dist_1e8vcs8._.js:776
[  212428ms] [LOG] [Fast Refresh] done in 26ms @ http://localhost:3111/_next/static/chunks/node_modules_next_dist_1e8vcs8._.js:776
[  212489ms] [LOG] [Fast Refresh] done in 26ms @ http://localhost:3111/_next/static/chunks/node_modules_next_dist_1e8vcs8._.js:776
[  212549ms] [LOG] [Fast Refresh] done in 26ms @ http://localhost:3111/_next/static/chunks/node_modules_next_dist_1e8vcs8._.js:776
[  212597ms] [LOG] [Fast Refresh] done in 26ms @ http://localhost:3111/_next/static/chunks/node_modules_next_dist_1e8vcs8._.js:776
[  212659ms] [LOG] [Fast Refresh] done in 26ms @ http://localhost:3111/_next/static/chunks/node_modules_next_dist_1e8vcs8._.js:776
[  212721ms] [LOG] [Fast Refresh] done in 26ms @ http://localhost:3111/_next/static/chunks/node_modules_next_dist_1e8vcs8._.js:776
[  212768ms] [LOG] [Fast Refresh] done in 26ms @ http://localhost:3111/_next/static/chunks/node_modules_next_dist_1e8vcs8._.js:776
[  212830ms] [LOG] [Fast Refresh] done in 26ms @ http://localhost:3111/_next/static/chunks/node_modules_next_dist_1e8vcs8._.js:776
[  212891ms] [LOG] [Fast Refresh] done in 26ms @ http://localhost:3111/_next/static/chunks/node_modules_next_dist_1e8vcs8._.js:776
[  212953ms] [LOG] [Fast Refresh] done in 26ms @ http://localhost:3111/_next/static/chunks/node_modules_next_dist_1e8vcs8._.js:776
[  213016ms] [LOG] [Fast Refresh] done in 26ms @ http://localhost:3111/_next/static/chunks/node_modules_next_dist_1e8vcs8._.js:776
[  213077ms] [LOG] [Fast Refresh] done in 26ms @ http://localhost:3111/_next/static/chunks/node_modules_next_dist_1e8vcs8._.js:776
[  213139ms] [LOG] [Fast Refresh] done in 26ms @ http://localhost:3111/_next/static/chunks/node_modules_next_dist_1e8vcs8._.js:776
[  213200ms] [LOG] [Fast Refresh] done in 26ms @ http://localhost:3111/_next/static/chunks/node_modules_next_dist_1e8vcs8._.js:776
[  213261ms] [LOG] [Fast Refresh] done in 26ms @ http://localhost:3111/_next/static/chunks/node_modules_next_dist_1e8vcs8._.js:776
[  213324ms] [LOG] [Fast Refresh] done in 26ms @ http://localhost:3111/_next/static/chunks/node_modules_next_dist_1e8vcs8._.js:776
[  213386ms] [LOG] [Fast Refresh] done in 26ms @ http://localhost:3111/_next/static/chunks/node_modules_next_dist_1e8vcs8._.js:776
[  213448ms] [LOG] [Fast Refresh] done in 26ms @ http://localhost:3111/_next/static/chunks/node_modules_next_dist_1e8vcs8._.js:776
[  213511ms] [LOG] [Fast Refresh] done in 26ms @ http://localhost:3111/_next/static/chunks/node_modules_next_dist_1e8vcs8._.js:776
[  213557ms] [LOG] [Fast Refresh] done in 26ms @ http://localhost:3111/_next/static/chunks/node_modules_next_dist_1e8vcs8._.js:776
[  213618ms] [LOG] [Fast Refresh] done in 26ms @ http://localhost:3111/_next/static/chunks/node_modules_next_dist_1e8vcs8._.js:776
[  213679ms] [LOG] [Fast Refresh] done in 26ms @ http://localhost:3111/_next/static/chunks/node_modules_next_dist_1e8vcs8._.js:776
[  213741ms] [LOG] [Fast Refresh] done in 26ms @ http://localhost:3111/_next/static/chunks/node_modules_next_dist_1e8vcs8._.js:776
[  213804ms] [LOG] [Fast Refresh] done in 26ms @ http://localhost:3111/_next/static/chunks/node_modules_next_dist_1e8vcs8._.js:776
[  213865ms] [LOG] [Fast Refresh] done in 26ms @ http://localhost:3111/_next/static/chunks/node_modules_next_dist_1e8vcs8._.js:776
[  213927ms] [LOG] [Fast Refresh] done in 26ms @ http://localhost:3111/_next/static/chunks/node_modules_next_dist_1e8vcs8._.js:776
[  213988ms] [LOG] [Fast Refresh] done in 26ms @ http://localhost:3111/_next/static/chunks/node_modules_next_dist_1e8vcs8._.js:776
[  214051ms] [LOG] [Fast Refresh] done in 26ms @ http://localhost:3111/_next/static/chunks/node_modules_next_dist_1e8vcs8._.js:776
[  214112ms] [LOG] [Fast Refresh] done in 26ms @ http://localhost:3111/_next/static/chunks/node_modules_next_dist_1e8vcs8._.js:776
[  214174ms] [LOG] [Fast Refresh] done in 26ms @ http://localhost:3111/_next/static/chunks/node_modules_next_dist_1e8vcs8._.js:776
[  214238ms] [LOG] [Fast Refresh] done in 26ms @ http://localhost:3111/_next/static/chunks/node_modules_next_dist_1e8vcs8._.js:776
[  214300ms] [LOG] [Fast Refresh] done in 26ms @ http://localhost:3111/_next/static/chunks/node_modules_next_dist_1e8vcs8._.js:776
[  214360ms] [LOG] [Fast Refresh] done in 26ms @ http://localhost:3111/_next/static/chunks/node_modules_next_dist_1e8vcs8._.js:776
[  214423ms] [LOG] [Fast Refresh] done in 26ms @ http://localhost:3111/_next/static/chunks/node_modules_next_dist_1e8vcs8._.js:776
[  214487ms] [LOG] [Fast Refresh] done in 26ms @ http://localhost:3111/_next/static/chunks/node_modules_next_dist_1e8vcs8._.js:776
[  214549ms] [LOG] [Fast Refresh] done in 26ms @ http://localhost:3111/_next/static/chunks/node_modules_next_dist_1e8vcs8._.js:776
[  214610ms] [LOG] [Fast Refresh] done in 26ms @ http://localhost:3111/_next/static/chunks/node_modules_next_dist_1e8vcs8._.js:776
[  214671ms] [LOG] [Fast Refresh] done in 26ms @ http://localhost:3111/_next/static/chunks/node_modules_next_dist_1e8vcs8._.js:776
[  214734ms] [LOG] [Fast Refresh] done in 26ms @ http://localhost:3111/_next/static/chunks/node_modules_next_dist_1e8vcs8._.js:776
[  214795ms] [LOG] [Fast Refresh] done in 26ms @ http://localhost:3111/_next/static/chunks/node_modules_next_dist_1e8vcs8._.js:776
[  214857ms] [LOG] [Fast Refresh] done in 26ms @ http://localhost:3111/_next/static/chunks/node_modules_next_dist_1e8vcs8._.js:776
[  214919ms] [LOG] [Fast Refresh] done in 26ms @ http://localhost:3111/_next/static/chunks/node_modules_next_dist_1e8vcs8._.js:776
[  214980ms] [LOG] [Fast Refresh] done in 26ms @ http://localhost:3111/_next/static/chunks/node_modules_next_dist_1e8vcs8._.js:776
[  215042ms] [LOG] [Fast Refresh] done in 26ms @ http://localhost:3111/_next/static/chunks/node_modules_next_dist_1e8vcs8._.js:776
[  215105ms] [LOG] [Fast Refresh] done in 26ms @ http://localhost:3111/_next/static/chunks/node_modules_next_dist_1e8vcs8._.js:776
[  215168ms] [LOG] [Fast Refresh] done in 26ms @ http://localhost:3111/_next/static/chunks/node_modules_next_dist_1e8vcs8._.js:776
[  215229ms] [LOG] [Fast Refresh] done in 26ms @ http://localhost:3111/_next/static/chunks/node_modules_next_dist_1e8vcs8._.js:776
[  215292ms] [LOG] [Fast Refresh] done in 26ms @ http://localhost:3111/_next/static/chunks/node_modules_next_dist_1e8vcs8._.js:776
[  215355ms] [LOG] [Fast Refresh] done in 26ms @ http://localhost:3111/_next/static/chunks/node_modules_next_dist_1e8vcs8._.js:776
[  215416ms] [LOG] [Fast Refresh] done in 26ms @ http://localhost:3111/_next/static/chunks/node_modules_next_dist_1e8vcs8._.js:776
[  215478ms] [LOG] [Fast Refresh] done in 26ms @ http://localhost:3111/_next/static/chunks/node_modules_next_dist_1e8vcs8._.js:776
[  215525ms] [LOG] [Fast Refresh] done in 26ms @ http://localhost:3111/_next/static/chunks/node_modules_next_dist_1e8vcs8._.js:776
[  215572ms] [LOG] [Fast Refresh] done in 26ms @ http://localhost:3111/_next/static/chunks/node_modules_next_dist_1e8vcs8._.js:776
[  215619ms] [LOG] [Fast Refresh] done in 26ms @ http://localhost:3111/_next/static/chunks/node_modules_next_dist_1e8vcs8._.js:776
[  215680ms] [LOG] [Fast Refresh] done in 26ms @ http://localhost:3111/_next/static/chunks/node_modules_next_dist_1e8vcs8._.js:776
[  215742ms] [LOG] [Fast Refresh] done in 26ms @ http://localhost:3111/_next/static/chunks/node_modules_next_dist_1e8vcs8._.js:776
[  215804ms] [LOG] [Fast Refresh] done in 26ms @ http://localhost:3111/_next/static/chunks/node_modules_next_dist_1e8vcs8._.js:776
[  215866ms] [LOG] [Fast Refresh] done in 26ms @ http://localhost:3111/_next/static/chunks/node_modules_next_dist_1e8vcs8._.js:776
[  215928ms] [LOG] [Fast Refresh] done in 26ms @ http://localhost:3111/_next/static/chunks/node_modules_next_dist_1e8vcs8._.js:776
[  215976ms] [LOG] [Fast Refresh] done in 26ms @ http://localhost:3111/_next/static/chunks/node_modules_next_dist_1e8vcs8._.js:776
[  216038ms] [LOG] [Fast Refresh] done in 26ms @ http://localhost:3111/_next/static/chunks/node_modules_next_dist_1e8vcs8._.js:776
[  216085ms] [LOG] [Fast Refresh] done in 26ms @ http://localhost:3111/_next/static/chunks/node_modules_next_dist_1e8vcs8._.js:776
[  216146ms] [LOG] [Fast Refresh] done in 26ms @ http://localhost:3111/_next/static/chunks/node_modules_next_dist_1e8vcs8._.js:776
[  216208ms] [LOG] [Fast Refresh] done in 26ms @ http://localhost:3111/_next/static/chunks/node_modules_next_dist_1e8vcs8._.js:776
[  216271ms] [LOG] [Fast Refresh] done in 26ms @ http://localhost:3111/_next/static/chunks/node_modules_next_dist_1e8vcs8._.js:776
[  216333ms] [LOG] [Fast Refresh] done in 26ms @ http://localhost:3111/_next/static/chunks/node_modules_next_dist_1e8vcs8._.js:776
[  216380ms] [LOG] [Fast Refresh] done in 26ms @ http://localhost:3111/_next/static/chunks/node_modules_next_dist_1e8vcs8._.js:776
[  216442ms] [LOG] [Fast Refresh] done in 26ms @ http://localhost:3111/_next/static/chunks/node_modules_next_dist_1e8vcs8._.js:776
[  216504ms] [LOG] [Fast Refresh] done in 26ms @ http://localhost:3111/_next/static/chunks/node_modules_next_dist_1e8vcs8._.js:776
[  216565ms] [LOG] [Fast Refresh] done in 26ms @ http://localhost:3111/_next/static/chunks/node_modules_next_dist_1e8vcs8._.js:776
[  216627ms] [LOG] [Fast Refresh] done in 26ms @ http://localhost:3111/_next/static/chunks/node_modules_next_dist_1e8vcs8._.js:776
[  216690ms] [LOG] [Fast Refresh] done in 26ms @ http://localhost:3111/_next/static/chunks/node_modules_next_dist_1e8vcs8._.js:776
[  216753ms] [LOG] [Fast Refresh] done in 26ms @ http://localhost:3111/_next/static/chunks/node_modules_next_dist_1e8vcs8._.js:776
[  216814ms] [LOG] [Fast Refresh] done in 26ms @ http://localhost:3111/_next/static/chunks/node_modules_next_dist_1e8vcs8._.js:776
[  216861ms] [LOG] [Fast Refresh] done in 26ms @ http://localhost:3111/_next/static/chunks/node_modules_next_dist_1e8vcs8._.js:776
[  216923ms] [LOG] [Fast Refresh] done in 26ms @ http://localhost:3111/_next/static/chunks/node_modules_next_dist_1e8vcs8._.js:776
[  216986ms] [LOG] [Fast Refresh] done in 26ms @ http://localhost:3111/_next/static/chunks/node_modules_next_dist_1e8vcs8._.js:776
[  217048ms] [LOG] [Fast Refresh] done in 26ms @ http://localhost:3111/_next/static/chunks/node_modules_next_dist_1e8vcs8._.js:776
[  217110ms] [LOG] [Fast Refresh] done in 26ms @ http://localhost:3111/_next/static/chunks/node_modules_next_dist_1e8vcs8._.js:776
[  217173ms] [LOG] [Fast Refresh] done in 26ms @ http://localhost:3111/_next/static/chunks/node_modules_next_dist_1e8vcs8._.js:776
[  217235ms] [LOG] [Fast Refresh] done in 26ms @ http://localhost:3111/_next/static/chunks/node_modules_next_dist_1e8vcs8._.js:776
[  217298ms] [LOG] [Fast Refresh] done in 26ms @ http://localhost:3111/_next/static/chunks/node_modules_next_dist_1e8vcs8._.js:776
[  217360ms] [LOG] [Fast Refresh] done in 26ms @ http://localhost:3111/_next/static/chunks/node_modules_next_dist_1e8vcs8._.js:776
[  217421ms] [LOG] [Fast Refresh] done in 26ms @ http://localhost:3111/_next/static/chunks/node_modules_next_dist_1e8vcs8._.js:776
[  217482ms] [LOG] [Fast Refresh] done in 26ms @ http://localhost:3111/_next/static/chunks/node_modules_next_dist_1e8vcs8._.js:776
[  217544ms] [LOG] [Fast Refresh] done in 26ms @ http://localhost:3111/_next/static/chunks/node_modules_next_dist_1e8vcs8._.js:776
[  217607ms] [LOG] [Fast Refresh] done in 26ms @ http://localhost:3111/_next/static/chunks/node_modules_next_dist_1e8vcs8._.js:776
[  217654ms] [LOG] [Fast Refresh] done in 26ms @ http://localhost:3111/_next/static/chunks/node_modules_next_dist_1e8vcs8._.js:776
[  217716ms] [LOG] [Fast Refresh] done in 26ms @ http://localhost:3111/_next/static/chunks/node_modules_next_dist_1e8vcs8._.js:776
[  217779ms] [LOG] [Fast Refresh] done in 26ms @ http://localhost:3111/_next/static/chunks/node_modules_next_dist_1e8vcs8._.js:776
[  217840ms] [LOG] [Fast Refresh] done in 26ms @ http://localhost:3111/_next/static/chunks/node_modules_next_dist_1e8vcs8._.js:776
[  217902ms] [LOG] [Fast Refresh] done in 26ms @ http://localhost:3111/_next/static/chunks/node_modules_next_dist_1e8vcs8._.js:776
[  217964ms] [LOG] [Fast Refresh] done in 26ms @ http://localhost:3111/_next/static/chunks/node_modules_next_dist_1e8vcs8._.js:776
[  218026ms] [LOG] [Fast Refresh] done in 26ms @ http://localhost:3111/_next/static/chunks/node_modules_next_dist_1e8vcs8._.js:776
[  218090ms] [LOG] [Fast Refresh] done in 26ms @ http://localhost:3111/_next/static/chunks/node_modules_next_dist_1e8vcs8._.js:776
[  218152ms] [LOG] [Fast Refresh] done in 26ms @ http://localhost:3111/_next/static/chunks/node_modules_next_dist_1e8vcs8._.js:776
[  218213ms] [LOG] [Fast Refresh] done in 26ms @ http://localhost:3111/_next/static/chunks/node_modules_next_dist_1e8vcs8._.js:776
[  218260ms] [LOG] [Fast Refresh] done in 26ms @ http://localhost:3111/_next/static/chunks/node_modules_next_dist_1e8vcs8._.js:776
[  218322ms] [LOG] [Fast Refresh] done in 26ms @ http://localhost:3111/_next/static/chunks/node_modules_next_dist_1e8vcs8._.js:776
[  218368ms] [LOG] [Fast Refresh] done in 26ms @ http://localhost:3111/_next/static/chunks/node_modules_next_dist_1e8vcs8._.js:776
[  218430ms] [LOG] [Fast Refresh] done in 26ms @ http://localhost:3111/_next/static/chunks/node_modules_next_dist_1e8vcs8._.js:776
[  218493ms] [LOG] [Fast Refresh] done in 26ms @ http://localhost:3111/_next/static/chunks/node_modules_next_dist_1e8vcs8._.js:776
[  218555ms] [LOG] [Fast Refresh] done in 26ms @ http://localhost:3111/_next/static/chunks/node_modules_next_dist_1e8vcs8._.js:776
[  218616ms] [LOG] [Fast Refresh] done in 26ms @ http://localhost:3111/_next/static/chunks/node_modules_next_dist_1e8vcs8._.js:776
[  218664ms] [LOG] [Fast Refresh] done in 26ms @ http://localhost:3111/_next/static/chunks/node_modules_next_dist_1e8vcs8._.js:776
[  218725ms] [LOG] [Fast Refresh] done in 26ms @ http://localhost:3111/_next/static/chunks/node_modules_next_dist_1e8vcs8._.js:776
[  218787ms] [LOG] [Fast Refresh] done in 26ms @ http://localhost:3111/_next/static/chunks/node_modules_next_dist_1e8vcs8._.js:776
[  218849ms] [LOG] [Fast Refresh] done in 26ms @ http://localhost:3111/_next/static/chunks/node_modules_next_dist_1e8vcs8._.js:776
[  218911ms] [LOG] [Fast Refresh] done in 26ms @ http://localhost:3111/_next/static/chunks/node_modules_next_dist_1e8vcs8._.js:776
[  218973ms] [LOG] [Fast Refresh] done in 26ms @ http://localhost:3111/_next/static/chunks/node_modules_next_dist_1e8vcs8._.js:776
[  219036ms] [LOG] [Fast Refresh] done in 26ms @ http://localhost:3111/_next/static/chunks/node_modules_next_dist_1e8vcs8._.js:776
[  219098ms] [LOG] [Fast Refresh] done in 26ms @ http://localhost:3111/_next/static/chunks/node_modules_next_dist_1e8vcs8._.js:776
[  219160ms] [LOG] [Fast Refresh] done in 26ms @ http://localhost:3111/_next/static/chunks/node_modules_next_dist_1e8vcs8._.js:776
[  219223ms] [LOG] [Fast Refresh] done in 26ms @ http://localhost:3111/_next/static/chunks/node_modules_next_dist_1e8vcs8._.js:776
[  219284ms] [LOG] [Fast Refresh] done in 26ms @ http://localhost:3111/_next/static/chunks/node_modules_next_dist_1e8vcs8._.js:776
[  219347ms] [LOG] [Fast Refresh] done in 26ms @ http://localhost:3111/_next/static/chunks/node_modules_next_dist_1e8vcs8._.js:776
[  219409ms] [LOG] [Fast Refresh] done in 26ms @ http://localhost:3111/_next/static/chunks/node_modules_next_dist_1e8vcs8._.js:776
[  219457ms] [LOG] [Fast Refresh] done in 26ms @ http://localhost:3111/_next/static/chunks/node_modules_next_dist_1e8vcs8._.js:776
[  219518ms] [LOG] [Fast Refresh] done in 26ms @ http://localhost:3111/_next/static/chunks/node_modules_next_dist_1e8vcs8._.js:776
[  219579ms] [LOG] [Fast Refresh] done in 26ms @ http://localhost:3111/_next/static/chunks/node_modules_next_dist_1e8vcs8._.js:776
[  219641ms] [LOG] [Fast Refresh] done in 26ms @ http://localhost:3111/_next/static/chunks/node_modules_next_dist_1e8vcs8._.js:776
[  219709ms] [LOG] [Fast Refresh] done in 26ms @ http://localhost:3111/_next/static/chunks/node_modules_next_dist_1e8vcs8._.js:776
[  219766ms] [LOG] [Fast Refresh] done in 26ms @ http://localhost:3111/_next/static/chunks/node_modules_next_dist_1e8vcs8._.js:776
[  219828ms] [LOG] [Fast Refresh] done in 26ms @ http://localhost:3111/_next/static/chunks/node_modules_next_dist_1e8vcs8._.js:776
[  219876ms] [LOG] [Fast Refresh] done in 26ms @ http://localhost:3111/_next/static/chunks/node_modules_next_dist_1e8vcs8._.js:776
[  219923ms] [LOG] [Fast Refresh] done in 26ms @ http://localhost:3111/_next/static/chunks/node_modules_next_dist_1e8vcs8._.js:776
[  219984ms] [LOG] [Fast Refresh] done in 26ms @ http://localhost:3111/_next/static/chunks/node_modules_next_dist_1e8vcs8._.js:776
[  220031ms] [LOG] [Fast Refresh] done in 26ms @ http://localhost:3111/_next/static/chunks/node_modules_next_dist_1e8vcs8._.js:776
[  220093ms] [LOG] [Fast Refresh] done in 26ms @ http://localhost:3111/_next/static/chunks/node_modules_next_dist_1e8vcs8._.js:776
[  220155ms] [LOG] [Fast Refresh] done in 26ms @ http://localhost:3111/_next/static/chunks/node_modules_next_dist_1e8vcs8._.js:776
[  220216ms] [LOG] [Fast Refresh] done in 26ms @ http://localhost:3111/_next/static/chunks/node_modules_next_dist_1e8vcs8._.js:776
[  220279ms] [LOG] [Fast Refresh] done in 26ms @ http://localhost:3111/_next/static/chunks/node_modules_next_dist_1e8vcs8._.js:776
[  220327ms] [LOG] [Fast Refresh] done in 26ms @ http://localhost:3111/_next/static/chunks/node_modules_next_dist_1e8vcs8._.js:776
[  220374ms] [LOG] [Fast Refresh] done in 26ms @ http://localhost:3111/_next/static/chunks/node_modules_next_dist_1e8vcs8._.js:776
[  220436ms] [LOG] [Fast Refresh] done in 26ms @ http://localhost:3111/_next/static/chunks/node_modules_next_dist_1e8vcs8._.js:776
[  220499ms] [LOG] [Fast Refresh] done in 26ms @ http://localhost:3111/_next/static/chunks/node_modules_next_dist_1e8vcs8._.js:776
[  220562ms] [LOG] [Fast Refresh] done in 26ms @ http://localhost:3111/_next/static/chunks/node_modules_next_dist_1e8vcs8._.js:776
[  220623ms] [LOG] [Fast Refresh] done in 26ms @ http://localhost:3111/_next/static/chunks/node_modules_next_dist_1e8vcs8._.js:776
[  220684ms] [LOG] [Fast Refresh] done in 26ms @ http://localhost:3111/_next/static/chunks/node_modules_next_dist_1e8vcs8._.js:776
[  220732ms] [LOG] [Fast Refresh] done in 26ms @ http://localhost:3111/_next/static/chunks/node_modules_next_dist_1e8vcs8._.js:776
[  220794ms] [LOG] [Fast Refresh] done in 26ms @ http://localhost:3111/_next/static/chunks/node_modules_next_dist_1e8vcs8._.js:776
[  220857ms] [LOG] [Fast Refresh] done in 26ms @ http://localhost:3111/_next/static/chunks/node_modules_next_dist_1e8vcs8._.js:776
[  220918ms] [LOG] [Fast Refresh] done in 26ms @ http://localhost:3111/_next/static/chunks/node_modules_next_dist_1e8vcs8._.js:776
[  220982ms] [LOG] [Fast Refresh] done in 26ms @ http://localhost:3111/_next/static/chunks/node_modules_next_dist_1e8vcs8._.js:776
[  221044ms] [LOG] [Fast Refresh] done in 26ms @ http://localhost:3111/_next/static/chunks/node_modules_next_dist_1e8vcs8._.js:776
[  221105ms] [LOG] [Fast Refresh] done in 26ms @ http://localhost:3111/_next/static/chunks/node_modules_next_dist_1e8vcs8._.js:776
[  221167ms] [LOG] [Fast Refresh] done in 26ms @ http://localhost:3111/_next/static/chunks/node_modules_next_dist_1e8vcs8._.js:776
[  221229ms] [LOG] [Fast Refresh] done in 26ms @ http://localhost:3111/_next/static/chunks/node_modules_next_dist_1e8vcs8._.js:776
[  221292ms] [LOG] [Fast Refresh] done in 26ms @ http://localhost:3111/_next/static/chunks/node_modules_next_dist_1e8vcs8._.js:776
[  221354ms] [LOG] [Fast Refresh] done in 26ms @ http://localhost:3111/_next/static/chunks/node_modules_next_dist_1e8vcs8._.js:776
[  221416ms] [LOG] [Fast Refresh] done in 26ms @ http://localhost:3111/_next/static/chunks/node_modules_next_dist_1e8vcs8._.js:776
[  221479ms] [LOG] [Fast Refresh] done in 26ms @ http://localhost:3111/_next/static/chunks/node_modules_next_dist_1e8vcs8._.js:776
[  221541ms] [LOG] [Fast Refresh] done in 26ms @ http://localhost:3111/_next/static/chunks/node_modules_next_dist_1e8vcs8._.js:776
[  221650ms] [LOG] [Fast Refresh] rebuilding @ http://localhost:3111/_next/static/chunks/node_modules_next_dist_1e8vcs8._.js:776
[  221748ms] [LOG] [Fast Refresh] done in 14ms @ http://localhost:3111/_next/static/chunks/node_modules_next_dist_1e8vcs8._.js:776
[  221805ms] [LOG] [Fast Refresh] done in 14ms @ http://localhost:3111/_next/static/chunks/node_modules_next_dist_1e8vcs8._.js:776
[  221868ms] [LOG] [Fast Refresh] done in 14ms @ http://localhost:3111/_next/static/chunks/node_modules_next_dist_1e8vcs8._.js:776
[  221930ms] [LOG] [Fast Refresh] done in 14ms @ http://localhost:3111/_next/static/chunks/node_modules_next_dist_1e8vcs8._.js:776
[  221993ms] [LOG] [Fast Refresh] done in 14ms @ http://localhost:3111/_next/static/chunks/node_modules_next_dist_1e8vcs8._.js:776
[  222055ms] [LOG] [Fast Refresh] done in 14ms @ http://localhost:3111/_next/static/chunks/node_modules_next_dist_1e8vcs8._.js:776
[  222118ms] [LOG] [Fast Refresh] done in 14ms @ http://localhost:3111/_next/static/chunks/node_modules_next_dist_1e8vcs8._.js:776
[  222179ms] [LOG] [Fast Refresh] done in 14ms @ http://localhost:3111/_next/static/chunks/node_modules_next_dist_1e8vcs8._.js:776
[  222240ms] [LOG] [Fast Refresh] done in 14ms @ http://localhost:3111/_next/static/chunks/node_modules_next_dist_1e8vcs8._.js:776
[  222302ms] [LOG] [Fast Refresh] done in 14ms @ http://localhost:3111/_next/static/chunks/node_modules_next_dist_1e8vcs8._.js:776
[  222365ms] [LOG] [Fast Refresh] done in 14ms @ http://localhost:3111/_next/static/chunks/node_modules_next_dist_1e8vcs8._.js:776
[  222427ms] [LOG] [Fast Refresh] done in 14ms @ http://localhost:3111/_next/static/chunks/node_modules_next_dist_1e8vcs8._.js:776
[  222489ms] [LOG] [Fast Refresh] done in 14ms @ http://localhost:3111/_next/static/chunks/node_modules_next_dist_1e8vcs8._.js:776
[  222549ms] [LOG] [Fast Refresh] done in 14ms @ http://localhost:3111/_next/static/chunks/node_modules_next_dist_1e8vcs8._.js:776
[  222597ms] [LOG] [Fast Refresh] done in 14ms @ http://localhost:3111/_next/static/chunks/node_modules_next_dist_1e8vcs8._.js:776
[  222659ms] [LOG] [Fast Refresh] done in 14ms @ http://localhost:3111/_next/static/chunks/node_modules_next_dist_1e8vcs8._.js:776
[  222719ms] [LOG] [Fast Refresh] done in 14ms @ http://localhost:3111/_next/static/chunks/node_modules_next_dist_1e8vcs8._.js:776
[  222781ms] [LOG] [Fast Refresh] done in 14ms @ http://localhost:3111/_next/static/chunks/node_modules_next_dist_1e8vcs8._.js:776
[  222843ms] [LOG] [Fast Refresh] done in 14ms @ http://localhost:3111/_next/static/chunks/node_modules_next_dist_1e8vcs8._.js:776
[  222907ms] [LOG] [Fast Refresh] done in 14ms @ http://localhost:3111/_next/static/chunks/node_modules_next_dist_1e8vcs8._.js:776
[  222969ms] [LOG] [Fast Refresh] done in 14ms @ http://localhost:3111/_next/static/chunks/node_modules_next_dist_1e8vcs8._.js:776
[  223030ms] [LOG] [Fast Refresh] done in 14ms @ http://localhost:3111/_next/static/chunks/node_modules_next_dist_1e8vcs8._.js:776
[  223091ms] [LOG] [Fast Refresh] done in 14ms @ http://localhost:3111/_next/static/chunks/node_modules_next_dist_1e8vcs8._.js:776
[  223153ms] [LOG] [Fast Refresh] done in 14ms @ http://localhost:3111/_next/static/chunks/node_modules_next_dist_1e8vcs8._.js:776
[  223214ms] [LOG] [Fast Refresh] done in 14ms @ http://localhost:3111/_next/static/chunks/node_modules_next_dist_1e8vcs8._.js:776
[  223262ms] [LOG] [Fast Refresh] done in 14ms @ http://localhost:3111/_next/static/chunks/node_modules_next_dist_1e8vcs8._.js:776
[  223309ms] [LOG] [Fast Refresh] done in 14ms @ http://localhost:3111/_next/static/chunks/node_modules_next_dist_1e8vcs8._.js:776
[  223372ms] [LOG] [Fast Refresh] done in 14ms @ http://localhost:3111/_next/static/chunks/node_modules_next_dist_1e8vcs8._.js:776
[  223435ms] [LOG] [Fast Refresh] done in 14ms @ http://localhost:3111/_next/static/chunks/node_modules_next_dist_1e8vcs8._.js:776
[  223496ms] [LOG] [Fast Refresh] done in 14ms @ http://localhost:3111/_next/static/chunks/node_modules_next_dist_1e8vcs8._.js:776
[  223543ms] [LOG] [Fast Refresh] done in 14ms @ http://localhost:3111/_next/static/chunks/node_modules_next_dist_1e8vcs8._.js:776
[  223605ms] [LOG] [Fast Refresh] done in 14ms @ http://localhost:3111/_next/static/chunks/node_modules_next_dist_1e8vcs8._.js:776
[  223666ms] [LOG] [Fast Refresh] done in 14ms @ http://localhost:3111/_next/static/chunks/node_modules_next_dist_1e8vcs8._.js:776
[  223729ms] [LOG] [Fast Refresh] done in 14ms @ http://localhost:3111/_next/static/chunks/node_modules_next_dist_1e8vcs8._.js:776
[  223790ms] [LOG] [Fast Refresh] done in 14ms @ http://localhost:3111/_next/static/chunks/node_modules_next_dist_1e8vcs8._.js:776
[  223852ms] [LOG] [Fast Refresh] done in 14ms @ http://localhost:3111/_next/static/chunks/node_modules_next_dist_1e8vcs8._.js:776
[  223900ms] [LOG] [Fast Refresh] done in 14ms @ http://localhost:3111/_next/static/chunks/node_modules_next_dist_1e8vcs8._.js:776
[  223963ms] [LOG] [Fast Refresh] done in 14ms @ http://localhost:3111/_next/static/chunks/node_modules_next_dist_1e8vcs8._.js:776
[  224026ms] [LOG] [Fast Refresh] done in 14ms @ http://localhost:3111/_next/static/chunks/node_modules_next_dist_1e8vcs8._.js:776
[  224073ms] [LOG] [Fast Refresh] done in 14ms @ http://localhost:3111/_next/static/chunks/node_modules_next_dist_1e8vcs8._.js:776
[  224137ms] [LOG] [Fast Refresh] done in 14ms @ http://localhost:3111/_next/static/chunks/node_modules_next_dist_1e8vcs8._.js:776
[  224197ms] [LOG] [Fast Refresh] done in 14ms @ http://localhost:3111/_next/static/chunks/node_modules_next_dist_1e8vcs8._.js:776
[  224244ms] [LOG] [Fast Refresh] done in 14ms @ http://localhost:3111/_next/static/chunks/node_modules_next_dist_1e8vcs8._.js:776
[  224306ms] [LOG] [Fast Refresh] done in 14ms @ http://localhost:3111/_next/static/chunks/node_modules_next_dist_1e8vcs8._.js:776
[  224367ms] [LOG] [Fast Refresh] done in 14ms @ http://localhost:3111/_next/static/chunks/node_modules_next_dist_1e8vcs8._.js:776
[  224440ms] [LOG] [Fast Refresh] done in 14ms @ http://localhost:3111/_next/static/chunks/node_modules_next_dist_1e8vcs8._.js:776
[  224492ms] [LOG] [Fast Refresh] done in 14ms @ http://localhost:3111/_next/static/chunks/node_modules_next_dist_1e8vcs8._.js:776
[  224553ms] [LOG] [Fast Refresh] done in 14ms @ http://localhost:3111/_next/static/chunks/node_modules_next_dist_1e8vcs8._.js:776
[  224616ms] [LOG] [Fast Refresh] done in 14ms @ http://localhost:3111/_next/static/chunks/node_modules_next_dist_1e8vcs8._.js:776
[  224679ms] [LOG] [Fast Refresh] done in 14ms @ http://localhost:3111/_next/static/chunks/node_modules_next_dist_1e8vcs8._.js:776
[  224752ms] [LOG] [Fast Refresh] done in 14ms @ http://localhost:3111/_next/static/chunks/node_modules_next_dist_1e8vcs8._.js:776
[  224803ms] [LOG] [Fast Refresh] done in 14ms @ http://localhost:3111/_next/static/chunks/node_modules_next_dist_1e8vcs8._.js:776
[  224851ms] [LOG] [Fast Refresh] done in 14ms @ http://localhost:3111/_next/static/chunks/node_modules_next_dist_1e8vcs8._.js:776
[  224912ms] [LOG] [Fast Refresh] done in 14ms @ http://localhost:3111/_next/static/chunks/node_modules_next_dist_1e8vcs8._.js:776
[  224973ms] [LOG] [Fast Refresh] done in 14ms @ http://localhost:3111/_next/static/chunks/node_modules_next_dist_1e8vcs8._.js:776
[  225036ms] [LOG] [Fast Refresh] done in 14ms @ http://localhost:3111/_next/static/chunks/node_modules_next_dist_1e8vcs8._.js:776
[  225082ms] [LOG] [Fast Refresh] done in 14ms @ http://localhost:3111/_next/static/chunks/node_modules_next_dist_1e8vcs8._.js:776
[  225143ms] [LOG] [Fast Refresh] done in 14ms @ http://localhost:3111/_next/static/chunks/node_modules_next_dist_1e8vcs8._.js:776
[  225204ms] [LOG] [Fast Refresh] done in 14ms @ http://localhost:3111/_next/static/chunks/node_modules_next_dist_1e8vcs8._.js:776
[  225266ms] [LOG] [Fast Refresh] done in 14ms @ http://localhost:3111/_next/static/chunks/node_modules_next_dist_1e8vcs8._.js:776
[  225328ms] [LOG] [Fast Refresh] done in 14ms @ http://localhost:3111/_next/static/chunks/node_modules_next_dist_1e8vcs8._.js:776
[  225391ms] [LOG] [Fast Refresh] done in 14ms @ http://localhost:3111/_next/static/chunks/node_modules_next_dist_1e8vcs8._.js:776
[  225453ms] [LOG] [Fast Refresh] done in 14ms @ http://localhost:3111/_next/static/chunks/node_modules_next_dist_1e8vcs8._.js:776
[  225515ms] [LOG] [Fast Refresh] done in 14ms @ http://localhost:3111/_next/static/chunks/node_modules_next_dist_1e8vcs8._.js:776
[  225563ms] [LOG] [Fast Refresh] done in 14ms @ http://localhost:3111/_next/static/chunks/node_modules_next_dist_1e8vcs8._.js:776
[  225625ms] [LOG] [Fast Refresh] done in 14ms @ http://localhost:3111/_next/static/chunks/node_modules_next_dist_1e8vcs8._.js:776
[  225673ms] [LOG] [Fast Refresh] done in 14ms @ http://localhost:3111/_next/static/chunks/node_modules_next_dist_1e8vcs8._.js:776
[  225720ms] [LOG] [Fast Refresh] done in 14ms @ http://localhost:3111/_next/static/chunks/node_modules_next_dist_1e8vcs8._.js:776
[  225781ms] [LOG] [Fast Refresh] done in 14ms @ http://localhost:3111/_next/static/chunks/node_modules_next_dist_1e8vcs8._.js:776
[  225843ms] [LOG] [Fast Refresh] done in 14ms @ http://localhost:3111/_next/static/chunks/node_modules_next_dist_1e8vcs8._.js:776
[  225905ms] [LOG] [Fast Refresh] done in 14ms @ http://localhost:3111/_next/static/chunks/node_modules_next_dist_1e8vcs8._.js:776
[  225952ms] [LOG] [Fast Refresh] done in 14ms @ http://localhost:3111/_next/static/chunks/node_modules_next_dist_1e8vcs8._.js:776
[  226014ms] [LOG] [Fast Refresh] done in 14ms @ http://localhost:3111/_next/static/chunks/node_modules_next_dist_1e8vcs8._.js:776
[  226076ms] [LOG] [Fast Refresh] done in 14ms @ http://localhost:3111/_next/static/chunks/node_modules_next_dist_1e8vcs8._.js:776
[  226139ms] [LOG] [Fast Refresh] done in 14ms @ http://localhost:3111/_next/static/chunks/node_modules_next_dist_1e8vcs8._.js:776
[  226207ms] [LOG] [Fast Refresh] done in 14ms @ http://localhost:3111/_next/static/chunks/node_modules_next_dist_1e8vcs8._.js:776
[  226264ms] [LOG] [Fast Refresh] done in 14ms @ http://localhost:3111/_next/static/chunks/node_modules_next_dist_1e8vcs8._.js:776
[  226326ms] [LOG] [Fast Refresh] done in 14ms @ http://localhost:3111/_next/static/chunks/node_modules_next_dist_1e8vcs8._.js:776
[  226389ms] [LOG] [Fast Refresh] done in 14ms @ http://localhost:3111/_next/static/chunks/node_modules_next_dist_1e8vcs8._.js:776
[  226450ms] [LOG] [Fast Refresh] done in 14ms @ http://localhost:3111/_next/static/chunks/node_modules_next_dist_1e8vcs8._.js:776
[  226512ms] [LOG] [Fast Refresh] done in 14ms @ http://localhost:3111/_next/static/chunks/node_modules_next_dist_1e8vcs8._.js:776
[  226575ms] [LOG] [Fast Refresh] done in 14ms @ http://localhost:3111/_next/static/chunks/node_modules_next_dist_1e8vcs8._.js:776
[  226636ms] [LOG] [Fast Refresh] done in 14ms @ http://localhost:3111/_next/static/chunks/node_modules_next_dist_1e8vcs8._.js:776
[  226697ms] [LOG] [Fast Refresh] done in 14ms @ http://localhost:3111/_next/static/chunks/node_modules_next_dist_1e8vcs8._.js:776
[  226760ms] [LOG] [Fast Refresh] done in 14ms @ http://localhost:3111/_next/static/chunks/node_modules_next_dist_1e8vcs8._.js:776
[  226819ms] [LOG] [Fast Refresh] done in 14ms @ http://localhost:3111/_next/static/chunks/node_modules_next_dist_1e8vcs8._.js:776
[  226881ms] [LOG] [Fast Refresh] done in 14ms @ http://localhost:3111/_next/static/chunks/node_modules_next_dist_1e8vcs8._.js:776
[  226941ms] [LOG] [Fast Refresh] done in 14ms @ http://localhost:3111/_next/static/chunks/node_modules_next_dist_1e8vcs8._.js:776
[  227001ms] [LOG] [Fast Refresh] done in 14ms @ http://localhost:3111/_next/static/chunks/node_modules_next_dist_1e8vcs8._.js:776
[  227062ms] [LOG] [Fast Refresh] done in 14ms @ http://localhost:3111/_next/static/chunks/node_modules_next_dist_1e8vcs8._.js:776
[  227124ms] [LOG] [Fast Refresh] done in 14ms @ http://localhost:3111/_next/static/chunks/node_modules_next_dist_1e8vcs8._.js:776
[  227184ms] [LOG] [Fast Refresh] done in 14ms @ http://localhost:3111/_next/static/chunks/node_modules_next_dist_1e8vcs8._.js:776
[  227244ms] [LOG] [Fast Refresh] done in 14ms @ http://localhost:3111/_next/static/chunks/node_modules_next_dist_1e8vcs8._.js:776
[  227306ms] [LOG] [Fast Refresh] done in 14ms @ http://localhost:3111/_next/static/chunks/node_modules_next_dist_1e8vcs8._.js:776
[  227368ms] [LOG] [Fast Refresh] done in 14ms @ http://localhost:3111/_next/static/chunks/node_modules_next_dist_1e8vcs8._.js:776
[  227429ms] [LOG] [Fast Refresh] done in 14ms @ http://localhost:3111/_next/static/chunks/node_modules_next_dist_1e8vcs8._.js:776
[  227490ms] [LOG] [Fast Refresh] done in 14ms @ http://localhost:3111/_next/static/chunks/node_modules_next_dist_1e8vcs8._.js:776
[  227553ms] [LOG] [Fast Refresh] done in 14ms @ http://localhost:3111/_next/static/chunks/node_modules_next_dist_1e8vcs8._.js:776
[  227615ms] [LOG] [Fast Refresh] done in 14ms @ http://localhost:3111/_next/static/chunks/node_modules_next_dist_1e8vcs8._.js:776
[  227678ms] [LOG] [Fast Refresh] done in 14ms @ http://localhost:3111/_next/static/chunks/node_modules_next_dist_1e8vcs8._.js:776
[  227746ms] [LOG] [Fast Refresh] done in 14ms @ http://localhost:3111/_next/static/chunks/node_modules_next_dist_1e8vcs8._.js:776
[  227803ms] [LOG] [Fast Refresh] done in 14ms @ http://localhost:3111/_next/static/chunks/node_modules_next_dist_1e8vcs8._.js:776
[  227865ms] [LOG] [Fast Refresh] done in 14ms @ http://localhost:3111/_next/static/chunks/node_modules_next_dist_1e8vcs8._.js:776
[  227927ms] [LOG] [Fast Refresh] done in 14ms @ http://localhost:3111/_next/static/chunks/node_modules_next_dist_1e8vcs8._.js:776
[  227974ms] [LOG] [Fast Refresh] done in 14ms @ http://localhost:3111/_next/static/chunks/node_modules_next_dist_1e8vcs8._.js:776
[  228036ms] [LOG] [Fast Refresh] done in 14ms @ http://localhost:3111/_next/static/chunks/node_modules_next_dist_1e8vcs8._.js:776
[  228100ms] [LOG] [Fast Refresh] done in 14ms @ http://localhost:3111/_next/static/chunks/node_modules_next_dist_1e8vcs8._.js:776
[  228163ms] [LOG] [Fast Refresh] done in 14ms @ http://localhost:3111/_next/static/chunks/node_modules_next_dist_1e8vcs8._.js:776
[  228210ms] [LOG] [Fast Refresh] done in 14ms @ http://localhost:3111/_next/static/chunks/node_modules_next_dist_1e8vcs8._.js:776
[  228272ms] [LOG] [Fast Refresh] done in 14ms @ http://localhost:3111/_next/static/chunks/node_modules_next_dist_1e8vcs8._.js:776
[  228334ms] [LOG] [Fast Refresh] done in 14ms @ http://localhost:3111/_next/static/chunks/node_modules_next_dist_1e8vcs8._.js:776
[  228396ms] [LOG] [Fast Refresh] done in 14ms @ http://localhost:3111/_next/static/chunks/node_modules_next_dist_1e8vcs8._.js:776
[  228457ms] [LOG] [Fast Refresh] done in 14ms @ http://localhost:3111/_next/static/chunks/node_modules_next_dist_1e8vcs8._.js:776
[  228517ms] [LOG] [Fast Refresh] done in 14ms @ http://localhost:3111/_next/static/chunks/node_modules_next_dist_1e8vcs8._.js:776
[  228578ms] [LOG] [Fast Refresh] done in 14ms @ http://localhost:3111/_next/static/chunks/node_modules_next_dist_1e8vcs8._.js:776
[  228641ms] [LOG] [Fast Refresh] done in 14ms @ http://localhost:3111/_next/static/chunks/node_modules_next_dist_1e8vcs8._.js:776
[  228703ms] [LOG] [Fast Refresh] done in 14ms @ http://localhost:3111/_next/static/chunks/node_modules_next_dist_1e8vcs8._.js:776
[  228765ms] [LOG] [Fast Refresh] done in 14ms @ http://localhost:3111/_next/static/chunks/node_modules_next_dist_1e8vcs8._.js:776
[  228827ms] [LOG] [Fast Refresh] done in 14ms @ http://localhost:3111/_next/static/chunks/node_modules_next_dist_1e8vcs8._.js:776
[  228888ms] [LOG] [Fast Refresh] done in 14ms @ http://localhost:3111/_next/static/chunks/node_modules_next_dist_1e8vcs8._.js:776
[  228949ms] [LOG] [Fast Refresh] done in 14ms @ http://localhost:3111/_next/static/chunks/node_modules_next_dist_1e8vcs8._.js:776
[  229011ms] [LOG] [Fast Refresh] done in 14ms @ http://localhost:3111/_next/static/chunks/node_modules_next_dist_1e8vcs8._.js:776
[  229074ms] [LOG] [Fast Refresh] done in 14ms @ http://localhost:3111/_next/static/chunks/node_modules_next_dist_1e8vcs8._.js:776
[  229137ms] [LOG] [Fast Refresh] done in 14ms @ http://localhost:3111/_next/static/chunks/node_modules_next_dist_1e8vcs8._.js:776
[  229195ms] [LOG] [Fast Refresh] done in 14ms @ http://localhost:3111/_next/static/chunks/node_modules_next_dist_1e8vcs8._.js:776
[  229256ms] [LOG] [Fast Refresh] done in 14ms @ http://localhost:3111/_next/static/chunks/node_modules_next_dist_1e8vcs8._.js:776
[  229317ms] [LOG] [Fast Refresh] done in 14ms @ http://localhost:3111/_next/static/chunks/node_modules_next_dist_1e8vcs8._.js:776
[  229379ms] [LOG] [Fast Refresh] done in 14ms @ http://localhost:3111/_next/static/chunks/node_modules_next_dist_1e8vcs8._.js:776
[  229441ms] [LOG] [Fast Refresh] done in 14ms @ http://localhost:3111/_next/static/chunks/node_modules_next_dist_1e8vcs8._.js:776
[  229502ms] [LOG] [Fast Refresh] done in 14ms @ http://localhost:3111/_next/static/chunks/node_modules_next_dist_1e8vcs8._.js:776
[  229564ms] [LOG] [Fast Refresh] done in 14ms @ http://localhost:3111/_next/static/chunks/node_modules_next_dist_1e8vcs8._.js:776
[  229626ms] [LOG] [Fast Refresh] done in 14ms @ http://localhost:3111/_next/static/chunks/node_modules_next_dist_1e8vcs8._.js:776
[  229688ms] [LOG] [Fast Refresh] done in 14ms @ http://localhost:3111/_next/static/chunks/node_modules_next_dist_1e8vcs8._.js:776
[  229736ms] [LOG] [Fast Refresh] done in 14ms @ http://localhost:3111/_next/static/chunks/node_modules_next_dist_1e8vcs8._.js:776
[  229798ms] [LOG] [Fast Refresh] done in 14ms @ http://localhost:3111/_next/static/chunks/node_modules_next_dist_1e8vcs8._.js:776
[  229860ms] [LOG] [Fast Refresh] done in 14ms @ http://localhost:3111/_next/static/chunks/node_modules_next_dist_1e8vcs8._.js:776
[  229920ms] [LOG] [Fast Refresh] done in 14ms @ http://localhost:3111/_next/static/chunks/node_modules_next_dist_1e8vcs8._.js:776
[  229983ms] [LOG] [Fast Refresh] done in 14ms @ http://localhost:3111/_next/static/chunks/node_modules_next_dist_1e8vcs8._.js:776
[  230046ms] [LOG] [Fast Refresh] done in 14ms @ http://localhost:3111/_next/static/chunks/node_modules_next_dist_1e8vcs8._.js:776
[  230109ms] [LOG] [Fast Refresh] done in 14ms @ http://localhost:3111/_next/static/chunks/node_modules_next_dist_1e8vcs8._.js:776
[  230172ms] [LOG] [Fast Refresh] done in 14ms @ http://localhost:3111/_next/static/chunks/node_modules_next_dist_1e8vcs8._.js:776
[  230219ms] [LOG] [Fast Refresh] done in 14ms @ http://localhost:3111/_next/static/chunks/node_modules_next_dist_1e8vcs8._.js:776
[  230282ms] [LOG] [Fast Refresh] done in 14ms @ http://localhost:3111/_next/static/chunks/node_modules_next_dist_1e8vcs8._.js:776
[  230329ms] [LOG] [Fast Refresh] done in 14ms @ http://localhost:3111/_next/static/chunks/node_modules_next_dist_1e8vcs8._.js:776
[  230390ms] [LOG] [Fast Refresh] done in 14ms @ http://localhost:3111/_next/static/chunks/node_modules_next_dist_1e8vcs8._.js:776
[  230453ms] [LOG] [Fast Refresh] done in 14ms @ http://localhost:3111/_next/static/chunks/node_modules_next_dist_1e8vcs8._.js:776
[  230516ms] [LOG] [Fast Refresh] done in 14ms @ http://localhost:3111/_next/static/chunks/node_modules_next_dist_1e8vcs8._.js:776
[  230579ms] [LOG] [Fast Refresh] done in 14ms @ http://localhost:3111/_next/static/chunks/node_modules_next_dist_1e8vcs8._.js:776
[  230641ms] [LOG] [Fast Refresh] done in 14ms @ http://localhost:3111/_next/static/chunks/node_modules_next_dist_1e8vcs8._.js:776
[  230702ms] [LOG] [Fast Refresh] done in 14ms @ http://localhost:3111/_next/static/chunks/node_modules_next_dist_1e8vcs8._.js:776
[  230754ms] [LOG] [Fast Refresh] done in 14ms @ http://localhost:3111/_next/static/chunks/node_modules_next_dist_1e8vcs8._.js:776
[  230810ms] [LOG] [Fast Refresh] done in 14ms @ http://localhost:3111/_next/static/chunks/node_modules_next_dist_1e8vcs8._.js:776
[  230856ms] [LOG] [Fast Refresh] done in 14ms @ http://localhost:3111/_next/static/chunks/node_modules_next_dist_1e8vcs8._.js:776
[  230919ms] [LOG] [Fast Refresh] done in 14ms @ http://localhost:3111/_next/static/chunks/node_modules_next_dist_1e8vcs8._.js:776
[  230966ms] [LOG] [Fast Refresh] done in 14ms @ http://localhost:3111/_next/static/chunks/node_modules_next_dist_1e8vcs8._.js:776
[  231028ms] [LOG] [Fast Refresh] done in 14ms @ http://localhost:3111/_next/static/chunks/node_modules_next_dist_1e8vcs8._.js:776
[  231090ms] [LOG] [Fast Refresh] done in 14ms @ http://localhost:3111/_next/static/chunks/node_modules_next_dist_1e8vcs8._.js:776
[  231152ms] [LOG] [Fast Refresh] done in 14ms @ http://localhost:3111/_next/static/chunks/node_modules_next_dist_1e8vcs8._.js:776
[  231214ms] [LOG] [Fast Refresh] done in 14ms @ http://localhost:3111/_next/static/chunks/node_modules_next_dist_1e8vcs8._.js:776
[  231277ms] [LOG] [Fast Refresh] done in 14ms @ http://localhost:3111/_next/static/chunks/node_modules_next_dist_1e8vcs8._.js:776
[  231324ms] [LOG] [Fast Refresh] done in 14ms @ http://localhost:3111/_next/static/chunks/node_modules_next_dist_1e8vcs8._.js:776
[  231386ms] [LOG] [Fast Refresh] done in 14ms @ http://localhost:3111/_next/static/chunks/node_modules_next_dist_1e8vcs8._.js:776
[  231434ms] [LOG] [Fast Refresh] done in 14ms @ http://localhost:3111/_next/static/chunks/node_modules_next_dist_1e8vcs8._.js:776
[  231481ms] [LOG] [Fast Refresh] done in 14ms @ http://localhost:3111/_next/static/chunks/node_modules_next_dist_1e8vcs8._.js:776
[  231543ms] [LOG] [Fast Refresh] done in 14ms @ http://localhost:3111/_next/static/chunks/node_modules_next_dist_1e8vcs8._.js:776
[  231604ms] [LOG] [Fast Refresh] done in 14ms @ http://localhost:3111/_next/static/chunks/node_modules_next_dist_1e8vcs8._.js:776
[  231668ms] [LOG] [Fast Refresh] done in 14ms @ http://localhost:3111/_next/static/chunks/node_modules_next_dist_1e8vcs8._.js:776
[  231728ms] [LOG] [Fast Refresh] done in 14ms @ http://localhost:3111/_next/static/chunks/node_modules_next_dist_1e8vcs8._.js:776
[  231791ms] [LOG] [Fast Refresh] done in 14ms @ http://localhost:3111/_next/static/chunks/node_modules_next_dist_1e8vcs8._.js:776
[  231852ms] [LOG] [Fast Refresh] done in 14ms @ http://localhost:3111/_next/static/chunks/node_modules_next_dist_1e8vcs8._.js:776
[  231915ms] [LOG] [Fast Refresh] done in 14ms @ http://localhost:3111/_next/static/chunks/node_modules_next_dist_1e8vcs8._.js:776
[  231976ms] [LOG] [Fast Refresh] done in 14ms @ http://localhost:3111/_next/static/chunks/node_modules_next_dist_1e8vcs8._.js:776
[  232023ms] [LOG] [Fast Refresh] done in 14ms @ http://localhost:3111/_next/static/chunks/node_modules_next_dist_1e8vcs8._.js:776
[  232085ms] [LOG] [Fast Refresh] done in 14ms @ http://localhost:3111/_next/static/chunks/node_modules_next_dist_1e8vcs8._.js:776
[  232147ms] [LOG] [Fast Refresh] done in 14ms @ http://localhost:3111/_next/static/chunks/node_modules_next_dist_1e8vcs8._.js:776
[  232209ms] [LOG] [Fast Refresh] done in 14ms @ http://localhost:3111/_next/static/chunks/node_modules_next_dist_1e8vcs8._.js:776
[  232271ms] [LOG] [Fast Refresh] done in 14ms @ http://localhost:3111/_next/static/chunks/node_modules_next_dist_1e8vcs8._.js:776
[  232333ms] [LOG] [Fast Refresh] done in 14ms @ http://localhost:3111/_next/static/chunks/node_modules_next_dist_1e8vcs8._.js:776
[  232394ms] [LOG] [Fast Refresh] done in 14ms @ http://localhost:3111/_next/static/chunks/node_modules_next_dist_1e8vcs8._.js:776
[  232455ms] [LOG] [Fast Refresh] done in 14ms @ http://localhost:3111/_next/static/chunks/node_modules_next_dist_1e8vcs8._.js:776
[  232516ms] [LOG] [Fast Refresh] done in 14ms @ http://localhost:3111/_next/static/chunks/node_modules_next_dist_1e8vcs8._.js:776
[  232578ms] [LOG] [Fast Refresh] done in 14ms @ http://localhost:3111/_next/static/chunks/node_modules_next_dist_1e8vcs8._.js:776
[  232639ms] [LOG] [Fast Refresh] done in 14ms @ http://localhost:3111/_next/static/chunks/node_modules_next_dist_1e8vcs8._.js:776
[  232701ms] [LOG] [Fast Refresh] done in 14ms @ http://localhost:3111/_next/static/chunks/node_modules_next_dist_1e8vcs8._.js:776
[  232762ms] [LOG] [Fast Refresh] done in 14ms @ http://localhost:3111/_next/static/chunks/node_modules_next_dist_1e8vcs8._.js:776
[  232824ms] [LOG] [Fast Refresh] done in 14ms @ http://localhost:3111/_next/static/chunks/node_modules_next_dist_1e8vcs8._.js:776
[  232886ms] [LOG] [Fast Refresh] done in 14ms @ http://localhost:3111/_next/static/chunks/node_modules_next_dist_1e8vcs8._.js:776
[  232946ms] [LOG] [Fast Refresh] done in 14ms @ http://localhost:3111/_next/static/chunks/node_modules_next_dist_1e8vcs8._.js:776
[  233009ms] [LOG] [Fast Refresh] done in 14ms @ http://localhost:3111/_next/static/chunks/node_modules_next_dist_1e8vcs8._.js:776
[  233071ms] [LOG] [Fast Refresh] done in 14ms @ http://localhost:3111/_next/static/chunks/node_modules_next_dist_1e8vcs8._.js:776
[  233133ms] [LOG] [Fast Refresh] done in 14ms @ http://localhost:3111/_next/static/chunks/node_modules_next_dist_1e8vcs8._.js:776
[  233195ms] [LOG] [Fast Refresh] done in 14ms @ http://localhost:3111/_next/static/chunks/node_modules_next_dist_1e8vcs8._.js:776
[  233258ms] [LOG] [Fast Refresh] done in 14ms @ http://localhost:3111/_next/static/chunks/node_modules_next_dist_1e8vcs8._.js:776
[  233321ms] [LOG] [Fast Refresh] done in 14ms @ http://localhost:3111/_next/static/chunks/node_modules_next_dist_1e8vcs8._.js:776
[  233382ms] [LOG] [Fast Refresh] done in 14ms @ http://localhost:3111/_next/static/chunks/node_modules_next_dist_1e8vcs8._.js:776
[  233443ms] [LOG] [Fast Refresh] done in 14ms @ http://localhost:3111/_next/static/chunks/node_modules_next_dist_1e8vcs8._.js:776
[  233505ms] [LOG] [Fast Refresh] done in 14ms @ http://localhost:3111/_next/static/chunks/node_modules_next_dist_1e8vcs8._.js:776
[  233566ms] [LOG] [Fast Refresh] done in 14ms @ http://localhost:3111/_next/static/chunks/node_modules_next_dist_1e8vcs8._.js:776
[  233627ms] [LOG] [Fast Refresh] done in 14ms @ http://localhost:3111/_next/static/chunks/node_modules_next_dist_1e8vcs8._.js:776
[  233688ms] [LOG] [Fast Refresh] done in 14ms @ http://localhost:3111/_next/static/chunks/node_modules_next_dist_1e8vcs8._.js:776
[  233759ms] [LOG] [Fast Refresh] done in 14ms @ http://localhost:3111/_next/static/chunks/node_modules_next_dist_1e8vcs8._.js:776
[  233813ms] [LOG] [Fast Refresh] done in 14ms @ http://localhost:3111/_next/static/chunks/node_modules_next_dist_1e8vcs8._.js:776
[  233875ms] [LOG] [Fast Refresh] done in 14ms @ http://localhost:3111/_next/static/chunks/node_modules_next_dist_1e8vcs8._.js:776
[  233938ms] [LOG] [Fast Refresh] done in 14ms @ http://localhost:3111/_next/static/chunks/node_modules_next_dist_1e8vcs8._.js:776
[  234000ms] [LOG] [Fast Refresh] done in 14ms @ http://localhost:3111/_next/static/chunks/node_modules_next_dist_1e8vcs8._.js:776
[  234061ms] [LOG] [Fast Refresh] done in 14ms @ http://localhost:3111/_next/static/chunks/node_modules_next_dist_1e8vcs8._.js:776
[  234123ms] [LOG] [Fast Refresh] done in 14ms @ http://localhost:3111/_next/static/chunks/node_modules_next_dist_1e8vcs8._.js:776
[  234185ms] [LOG] [Fast Refresh] done in 14ms @ http://localhost:3111/_next/static/chunks/node_modules_next_dist_1e8vcs8._.js:776
[  234232ms] [LOG] [Fast Refresh] done in 14ms @ http://localhost:3111/_next/static/chunks/node_modules_next_dist_1e8vcs8._.js:776
[  234293ms] [LOG] [Fast Refresh] done in 14ms @ http://localhost:3111/_next/static/chunks/node_modules_next_dist_1e8vcs8._.js:776
[  234356ms] [LOG] [Fast Refresh] done in 14ms @ http://localhost:3111/_next/static/chunks/node_modules_next_dist_1e8vcs8._.js:776
[  234418ms] [LOG] [Fast Refresh] done in 14ms @ http://localhost:3111/_next/static/chunks/node_modules_next_dist_1e8vcs8._.js:776
[  234480ms] [LOG] [Fast Refresh] done in 14ms @ http://localhost:3111/_next/static/chunks/node_modules_next_dist_1e8vcs8._.js:776
[  234541ms] [LOG] [Fast Refresh] done in 14ms @ http://localhost:3111/_next/static/chunks/node_modules_next_dist_1e8vcs8._.js:776
[  234601ms] [LOG] [Fast Refresh] done in 14ms @ http://localhost:3111/_next/static/chunks/node_modules_next_dist_1e8vcs8._.js:776
[  234662ms] [LOG] [Fast Refresh] done in 14ms @ http://localhost:3111/_next/static/chunks/node_modules_next_dist_1e8vcs8._.js:776
[  234724ms] [LOG] [Fast Refresh] done in 14ms @ http://localhost:3111/_next/static/chunks/node_modules_next_dist_1e8vcs8._.js:776
[  234785ms] [LOG] [Fast Refresh] done in 14ms @ http://localhost:3111/_next/static/chunks/node_modules_next_dist_1e8vcs8._.js:776
[  234847ms] [LOG] [Fast Refresh] done in 14ms @ http://localhost:3111/_next/static/chunks/node_modules_next_dist_1e8vcs8._.js:776
[  234909ms] [LOG] [Fast Refresh] done in 14ms @ http://localhost:3111/_next/static/chunks/node_modules_next_dist_1e8vcs8._.js:776
[  234971ms] [LOG] [Fast Refresh] done in 14ms @ http://localhost:3111/_next/static/chunks/node_modules_next_dist_1e8vcs8._.js:776
[  235033ms] [LOG] [Fast Refresh] done in 14ms @ http://localhost:3111/_next/static/chunks/node_modules_next_dist_1e8vcs8._.js:776
[  235095ms] [LOG] [Fast Refresh] done in 14ms @ http://localhost:3111/_next/static/chunks/node_modules_next_dist_1e8vcs8._.js:776
[  235156ms] [LOG] [Fast Refresh] done in 14ms @ http://localhost:3111/_next/static/chunks/node_modules_next_dist_1e8vcs8._.js:776
[  235217ms] [LOG] [Fast Refresh] done in 14ms @ http://localhost:3111/_next/static/chunks/node_modules_next_dist_1e8vcs8._.js:776
[  235278ms] [LOG] [Fast Refresh] done in 14ms @ http://localhost:3111/_next/static/chunks/node_modules_next_dist_1e8vcs8._.js:776
[  235339ms] [LOG] [Fast Refresh] done in 14ms @ http://localhost:3111/_next/static/chunks/node_modules_next_dist_1e8vcs8._.js:776
[  235399ms] [LOG] [Fast Refresh] done in 14ms @ http://localhost:3111/_next/static/chunks/node_modules_next_dist_1e8vcs8._.js:776
[  235446ms] [LOG] [Fast Refresh] done in 14ms @ http://localhost:3111/_next/static/chunks/node_modules_next_dist_1e8vcs8._.js:776
[  235507ms] [LOG] [Fast Refresh] done in 14ms @ http://localhost:3111/_next/static/chunks/node_modules_next_dist_1e8vcs8._.js:776
[  235569ms] [LOG] [Fast Refresh] done in 14ms @ http://localhost:3111/_next/static/chunks/node_modules_next_dist_1e8vcs8._.js:776
[  235631ms] [LOG] [Fast Refresh] done in 14ms @ http://localhost:3111/_next/static/chunks/node_modules_next_dist_1e8vcs8._.js:776
[  235692ms] [LOG] [Fast Refresh] done in 14ms @ http://localhost:3111/_next/static/chunks/node_modules_next_dist_1e8vcs8._.js:776
[  235755ms] [LOG] [Fast Refresh] done in 14ms @ http://localhost:3111/_next/static/chunks/node_modules_next_dist_1e8vcs8._.js:776
[  235817ms] [LOG] [Fast Refresh] done in 14ms @ http://localhost:3111/_next/static/chunks/node_modules_next_dist_1e8vcs8._.js:776
[  235879ms] [LOG] [Fast Refresh] done in 14ms @ http://localhost:3111/_next/static/chunks/node_modules_next_dist_1e8vcs8._.js:776
[  235941ms] [LOG] [Fast Refresh] done in 14ms @ http://localhost:3111/_next/static/chunks/node_modules_next_dist_1e8vcs8._.js:776
[  236002ms] [LOG] [Fast Refresh] done in 14ms @ http://localhost:3111/_next/static/chunks/node_modules_next_dist_1e8vcs8._.js:776
[  236050ms] [LOG] [Fast Refresh] done in 14ms @ http://localhost:3111/_next/static/chunks/node_modules_next_dist_1e8vcs8._.js:776
[  236097ms] [LOG] [Fast Refresh] done in 14ms @ http://localhost:3111/_next/static/chunks/node_modules_next_dist_1e8vcs8._.js:776
[  236159ms] [LOG] [Fast Refresh] done in 14ms @ http://localhost:3111/_next/static/chunks/node_modules_next_dist_1e8vcs8._.js:776
[  236221ms] [LOG] [Fast Refresh] done in 14ms @ http://localhost:3111/_next/static/chunks/node_modules_next_dist_1e8vcs8._.js:776
[  236281ms] [LOG] [Fast Refresh] done in 14ms @ http://localhost:3111/_next/static/chunks/node_modules_next_dist_1e8vcs8._.js:776
[  236342ms] [LOG] [Fast Refresh] done in 14ms @ http://localhost:3111/_next/static/chunks/node_modules_next_dist_1e8vcs8._.js:776
[  236405ms] [LOG] [Fast Refresh] done in 14ms @ http://localhost:3111/_next/static/chunks/node_modules_next_dist_1e8vcs8._.js:776
[  236468ms] [LOG] [Fast Refresh] done in 14ms @ http://localhost:3111/_next/static/chunks/node_modules_next_dist_1e8vcs8._.js:776
[  236515ms] [LOG] [Fast Refresh] done in 14ms @ http://localhost:3111/_next/static/chunks/node_modules_next_dist_1e8vcs8._.js:776
[  236577ms] [LOG] [Fast Refresh] done in 14ms @ http://localhost:3111/_next/static/chunks/node_modules_next_dist_1e8vcs8._.js:776
[  236639ms] [LOG] [Fast Refresh] done in 14ms @ http://localhost:3111/_next/static/chunks/node_modules_next_dist_1e8vcs8._.js:776
[  236700ms] [LOG] [Fast Refresh] done in 14ms @ http://localhost:3111/_next/static/chunks/node_modules_next_dist_1e8vcs8._.js:776
[  236762ms] [LOG] [Fast Refresh] done in 14ms @ http://localhost:3111/_next/static/chunks/node_modules_next_dist_1e8vcs8._.js:776
[  236823ms] [LOG] [Fast Refresh] done in 14ms @ http://localhost:3111/_next/static/chunks/node_modules_next_dist_1e8vcs8._.js:776
[  236871ms] [LOG] [Fast Refresh] done in 14ms @ http://localhost:3111/_next/static/chunks/node_modules_next_dist_1e8vcs8._.js:776
[  236934ms] [LOG] [Fast Refresh] done in 14ms @ http://localhost:3111/_next/static/chunks/node_modules_next_dist_1e8vcs8._.js:776
[  236995ms] [LOG] [Fast Refresh] done in 14ms @ http://localhost:3111/_next/static/chunks/node_modules_next_dist_1e8vcs8._.js:776
[  237058ms] [LOG] [Fast Refresh] done in 14ms @ http://localhost:3111/_next/static/chunks/node_modules_next_dist_1e8vcs8._.js:776
[  237120ms] [LOG] [Fast Refresh] done in 14ms @ http://localhost:3111/_next/static/chunks/node_modules_next_dist_1e8vcs8._.js:776
[  237183ms] [LOG] [Fast Refresh] done in 14ms @ http://localhost:3111/_next/static/chunks/node_modules_next_dist_1e8vcs8._.js:776
[  237244ms] [LOG] [Fast Refresh] done in 14ms @ http://localhost:3111/_next/static/chunks/node_modules_next_dist_1e8vcs8._.js:776
[  237307ms] [LOG] [Fast Refresh] done in 14ms @ http://localhost:3111/_next/static/chunks/node_modules_next_dist_1e8vcs8._.js:776
[  237374ms] [LOG] [Fast Refresh] done in 14ms @ http://localhost:3111/_next/static/chunks/node_modules_next_dist_1e8vcs8._.js:776
[  237431ms] [LOG] [Fast Refresh] done in 14ms @ http://localhost:3111/_next/static/chunks/node_modules_next_dist_1e8vcs8._.js:776
[  237493ms] [LOG] [Fast Refresh] done in 14ms @ http://localhost:3111/_next/static/chunks/node_modules_next_dist_1e8vcs8._.js:776
[  237555ms] [LOG] [Fast Refresh] done in 14ms @ http://localhost:3111/_next/static/chunks/node_modules_next_dist_1e8vcs8._.js:776
[  237618ms] [LOG] [Fast Refresh] done in 14ms @ http://localhost:3111/_next/static/chunks/node_modules_next_dist_1e8vcs8._.js:776
[  237666ms] [LOG] [Fast Refresh] done in 14ms @ http://localhost:3111/_next/static/chunks/node_modules_next_dist_1e8vcs8._.js:776
[  237728ms] [LOG] [Fast Refresh] done in 14ms @ http://localhost:3111/_next/static/chunks/node_modules_next_dist_1e8vcs8._.js:776
[  237791ms] [LOG] [Fast Refresh] done in 14ms @ http://localhost:3111/_next/static/chunks/node_modules_next_dist_1e8vcs8._.js:776
[  237854ms] [LOG] [Fast Refresh] done in 14ms @ http://localhost:3111/_next/static/chunks/node_modules_next_dist_1e8vcs8._.js:776
[  237916ms] [LOG] [Fast Refresh] done in 14ms @ http://localhost:3111/_next/static/chunks/node_modules_next_dist_1e8vcs8._.js:776
[  237978ms] [LOG] [Fast Refresh] done in 14ms @ http://localhost:3111/_next/static/chunks/node_modules_next_dist_1e8vcs8._.js:776
[  238040ms] [LOG] [Fast Refresh] done in 14ms @ http://localhost:3111/_next/static/chunks/node_modules_next_dist_1e8vcs8._.js:776
[  238100ms] [LOG] [Fast Refresh] done in 14ms @ http://localhost:3111/_next/static/chunks/node_modules_next_dist_1e8vcs8._.js:776
[  238161ms] [LOG] [Fast Refresh] done in 14ms @ http://localhost:3111/_next/static/chunks/node_modules_next_dist_1e8vcs8._.js:776
[  238224ms] [LOG] [Fast Refresh] done in 14ms @ http://localhost:3111/_next/static/chunks/node_modules_next_dist_1e8vcs8._.js:776
[  238270ms] [LOG] [Fast Refresh] done in 14ms @ http://localhost:3111/_next/static/chunks/node_modules_next_dist_1e8vcs8._.js:776
[  238332ms] [LOG] [Fast Refresh] done in 14ms @ http://localhost:3111/_next/static/chunks/node_modules_next_dist_1e8vcs8._.js:776
[  238394ms] [LOG] [Fast Refresh] done in 14ms @ http://localhost:3111/_next/static/chunks/node_modules_next_dist_1e8vcs8._.js:776
[  238457ms] [LOG] [Fast Refresh] done in 14ms @ http://localhost:3111/_next/static/chunks/node_modules_next_dist_1e8vcs8._.js:776
[  238518ms] [LOG] [Fast Refresh] done in 14ms @ http://localhost:3111/_next/static/chunks/node_modules_next_dist_1e8vcs8._.js:776
[  238580ms] [LOG] [Fast Refresh] done in 14ms @ http://localhost:3111/_next/static/chunks/node_modules_next_dist_1e8vcs8._.js:776
[  238645ms] [LOG] [Fast Refresh] done in 14ms @ http://localhost:3111/_next/static/chunks/node_modules_next_dist_1e8vcs8._.js:776
[  238705ms] [LOG] [Fast Refresh] done in 14ms @ http://localhost:3111/_next/static/chunks/node_modules_next_dist_1e8vcs8._.js:776
[  238767ms] [LOG] [Fast Refresh] done in 14ms @ http://localhost:3111/_next/static/chunks/node_modules_next_dist_1e8vcs8._.js:776
[  238829ms] [LOG] [Fast Refresh] done in 14ms @ http://localhost:3111/_next/static/chunks/node_modules_next_dist_1e8vcs8._.js:776
[  238876ms] [LOG] [Fast Refresh] done in 14ms @ http://localhost:3111/_next/static/chunks/node_modules_next_dist_1e8vcs8._.js:776
[  238939ms] [LOG] [Fast Refresh] done in 14ms @ http://localhost:3111/_next/static/chunks/node_modules_next_dist_1e8vcs8._.js:776
[  239001ms] [LOG] [Fast Refresh] done in 14ms @ http://localhost:3111/_next/static/chunks/node_modules_next_dist_1e8vcs8._.js:776
[  239063ms] [LOG] [Fast Refresh] done in 14ms @ http://localhost:3111/_next/static/chunks/node_modules_next_dist_1e8vcs8._.js:776
[  239126ms] [LOG] [Fast Refresh] done in 14ms @ http://localhost:3111/_next/static/chunks/node_modules_next_dist_1e8vcs8._.js:776
[  239187ms] [LOG] [Fast Refresh] done in 14ms @ http://localhost:3111/_next/static/chunks/node_modules_next_dist_1e8vcs8._.js:776
[  239249ms] [LOG] [Fast Refresh] done in 14ms @ http://localhost:3111/_next/static/chunks/node_modules_next_dist_1e8vcs8._.js:776
[  239310ms] [LOG] [Fast Refresh] done in 14ms @ http://localhost:3111/_next/static/chunks/node_modules_next_dist_1e8vcs8._.js:776
[  239371ms] [LOG] [Fast Refresh] done in 14ms @ http://localhost:3111/_next/static/chunks/node_modules_next_dist_1e8vcs8._.js:776
[  239433ms] [LOG] [Fast Refresh] done in 14ms @ http://localhost:3111/_next/static/chunks/node_modules_next_dist_1e8vcs8._.js:776
[  239480ms] [LOG] [Fast Refresh] done in 14ms @ http://localhost:3111/_next/static/chunks/node_modules_next_dist_1e8vcs8._.js:776
[  239541ms] [LOG] [Fast Refresh] done in 14ms @ http://localhost:3111/_next/static/chunks/node_modules_next_dist_1e8vcs8._.js:776
[  239604ms] [LOG] [Fast Refresh] done in 14ms @ http://localhost:3111/_next/static/chunks/node_modules_next_dist_1e8vcs8._.js:776
[  239664ms] [LOG] [Fast Refresh] done in 14ms @ http://localhost:3111/_next/static/chunks/node_modules_next_dist_1e8vcs8._.js:776
[  239727ms] [LOG] [Fast Refresh] done in 14ms @ http://localhost:3111/_next/static/chunks/node_modules_next_dist_1e8vcs8._.js:776
[  239790ms] [LOG] [Fast Refresh] done in 14ms @ http://localhost:3111/_next/static/chunks/node_modules_next_dist_1e8vcs8._.js:776
[  239853ms] [LOG] [Fast Refresh] done in 14ms @ http://localhost:3111/_next/static/chunks/node_modules_next_dist_1e8vcs8._.js:776
[  239915ms] [LOG] [Fast Refresh] done in 14ms @ http://localhost:3111/_next/static/chunks/node_modules_next_dist_1e8vcs8._.js:776
[  239977ms] [LOG] [Fast Refresh] done in 14ms @ http://localhost:3111/_next/static/chunks/node_modules_next_dist_1e8vcs8._.js:776
[  240039ms] [LOG] [Fast Refresh] done in 14ms @ http://localhost:3111/_next/static/chunks/node_modules_next_dist_1e8vcs8._.js:776
[  240101ms] [LOG] [Fast Refresh] done in 14ms @ http://localhost:3111/_next/static/chunks/node_modules_next_dist_1e8vcs8._.js:776
[  240164ms] [LOG] [Fast Refresh] done in 14ms @ http://localhost:3111/_next/static/chunks/node_modules_next_dist_1e8vcs8._.js:776
[  240226ms] [LOG] [Fast Refresh] done in 14ms @ http://localhost:3111/_next/static/chunks/node_modules_next_dist_1e8vcs8._.js:776
[  240288ms] [LOG] [Fast Refresh] done in 14ms @ http://localhost:3111/_next/static/chunks/node_modules_next_dist_1e8vcs8._.js:776
[  240335ms] [LOG] [Fast Refresh] done in 14ms @ http://localhost:3111/_next/static/chunks/node_modules_next_dist_1e8vcs8._.js:776
[  240397ms] [LOG] [Fast Refresh] done in 14ms @ http://localhost:3111/_next/static/chunks/node_modules_next_dist_1e8vcs8._.js:776
[  240459ms] [LOG] [Fast Refresh] done in 14ms @ http://localhost:3111/_next/static/chunks/node_modules_next_dist_1e8vcs8._.js:776
[  240506ms] [LOG] [Fast Refresh] done in 14ms @ http://localhost:3111/_next/static/chunks/node_modules_next_dist_1e8vcs8._.js:776
[  240553ms] [LOG] [Fast Refresh] done in 14ms @ http://localhost:3111/_next/static/chunks/node_modules_next_dist_1e8vcs8._.js:776
[  240600ms] [LOG] [Fast Refresh] done in 14ms @ http://localhost:3111/_next/static/chunks/node_modules_next_dist_1e8vcs8._.js:776
[  240662ms] [LOG] [Fast Refresh] done in 14ms @ http://localhost:3111/_next/static/chunks/node_modules_next_dist_1e8vcs8._.js:776
[  240725ms] [LOG] [Fast Refresh] done in 14ms @ http://localhost:3111/_next/static/chunks/node_modules_next_dist_1e8vcs8._.js:776
[  240788ms] [LOG] [Fast Refresh] done in 14ms @ http://localhost:3111/_next/static/chunks/node_modules_next_dist_1e8vcs8._.js:776
[  240850ms] [LOG] [Fast Refresh] done in 14ms @ http://localhost:3111/_next/static/chunks/node_modules_next_dist_1e8vcs8._.js:776
[  240912ms] [LOG] [Fast Refresh] done in 14ms @ http://localhost:3111/_next/static/chunks/node_modules_next_dist_1e8vcs8._.js:776
[  240960ms] [LOG] [Fast Refresh] done in 14ms @ http://localhost:3111/_next/static/chunks/node_modules_next_dist_1e8vcs8._.js:776
[  241010ms] [LOG] [Fast Refresh] done in 14ms @ http://localhost:3111/_next/static/chunks/node_modules_next_dist_1e8vcs8._.js:776
[  241070ms] [LOG] [Fast Refresh] done in 14ms @ http://localhost:3111/_next/static/chunks/node_modules_next_dist_1e8vcs8._.js:776
[  241131ms] [LOG] [Fast Refresh] done in 14ms @ http://localhost:3111/_next/static/chunks/node_modules_next_dist_1e8vcs8._.js:776
[  241193ms] [LOG] [Fast Refresh] done in 14ms @ http://localhost:3111/_next/static/chunks/node_modules_next_dist_1e8vcs8._.js:776
[  241256ms] [LOG] [Fast Refresh] done in 14ms @ http://localhost:3111/_next/static/chunks/node_modules_next_dist_1e8vcs8._.js:776
[  241318ms] [LOG] [Fast Refresh] done in 14ms @ http://localhost:3111/_next/static/chunks/node_modules_next_dist_1e8vcs8._.js:776
[  241379ms] [LOG] [Fast Refresh] done in 14ms @ http://localhost:3111/_next/static/chunks/node_modules_next_dist_1e8vcs8._.js:776
[  241442ms] [LOG] [Fast Refresh] done in 14ms @ http://localhost:3111/_next/static/chunks/node_modules_next_dist_1e8vcs8._.js:776
[  241503ms] [LOG] [Fast Refresh] done in 14ms @ http://localhost:3111/_next/static/chunks/node_modules_next_dist_1e8vcs8._.js:776
[  241565ms] [LOG] [Fast Refresh] done in 14ms @ http://localhost:3111/_next/static/chunks/node_modules_next_dist_1e8vcs8._.js:776
[  241627ms] [LOG] [Fast Refresh] done in 14ms @ http://localhost:3111/_next/static/chunks/node_modules_next_dist_1e8vcs8._.js:776
[  241688ms] [LOG] [Fast Refresh] done in 14ms @ http://localhost:3111/_next/static/chunks/node_modules_next_dist_1e8vcs8._.js:776
[  241756ms] [LOG] [Fast Refresh] done in 14ms @ http://localhost:3111/_next/static/chunks/node_modules_next_dist_1e8vcs8._.js:776
[  241812ms] [LOG] [Fast Refresh] done in 14ms @ http://localhost:3111/_next/static/chunks/node_modules_next_dist_1e8vcs8._.js:776
[  241873ms] [LOG] [Fast Refresh] done in 14ms @ http://localhost:3111/_next/static/chunks/node_modules_next_dist_1e8vcs8._.js:776
[  241936ms] [LOG] [Fast Refresh] done in 14ms @ http://localhost:3111/_next/static/chunks/node_modules_next_dist_1e8vcs8._.js:776
[  241982ms] [LOG] [Fast Refresh] done in 14ms @ http://localhost:3111/_next/static/chunks/node_modules_next_dist_1e8vcs8._.js:776
[  242028ms] [LOG] [Fast Refresh] done in 14ms @ http://localhost:3111/_next/static/chunks/node_modules_next_dist_1e8vcs8._.js:776
[  242090ms] [LOG] [Fast Refresh] done in 14ms @ http://localhost:3111/_next/static/chunks/node_modules_next_dist_1e8vcs8._.js:776
[  242153ms] [LOG] [Fast Refresh] done in 14ms @ http://localhost:3111/_next/static/chunks/node_modules_next_dist_1e8vcs8._.js:776
[  242214ms] [LOG] [Fast Refresh] done in 14ms @ http://localhost:3111/_next/static/chunks/node_modules_next_dist_1e8vcs8._.js:776
[  242277ms] [LOG] [Fast Refresh] done in 14ms @ http://localhost:3111/_next/static/chunks/node_modules_next_dist_1e8vcs8._.js:776
[  242324ms] [LOG] [Fast Refresh] done in 14ms @ http://localhost:3111/_next/static/chunks/node_modules_next_dist_1e8vcs8._.js:776
[  242387ms] [LOG] [Fast Refresh] done in 14ms @ http://localhost:3111/_next/static/chunks/node_modules_next_dist_1e8vcs8._.js:776
[  242448ms] [LOG] [Fast Refresh] done in 14ms @ http://localhost:3111/_next/static/chunks/node_modules_next_dist_1e8vcs8._.js:776
[  242510ms] [LOG] [Fast Refresh] done in 14ms @ http://localhost:3111/_next/static/chunks/node_modules_next_dist_1e8vcs8._.js:776
[  242574ms] [LOG] [Fast Refresh] done in 14ms @ http://localhost:3111/_next/static/chunks/node_modules_next_dist_1e8vcs8._.js:776
[  242636ms] [LOG] [Fast Refresh] done in 14ms @ http://localhost:3111/_next/static/chunks/node_modules_next_dist_1e8vcs8._.js:776
[  242697ms] [LOG] [Fast Refresh] done in 14ms @ http://localhost:3111/_next/static/chunks/node_modules_next_dist_1e8vcs8._.js:776
[  242759ms] [LOG] [Fast Refresh] done in 14ms @ http://localhost:3111/_next/static/chunks/node_modules_next_dist_1e8vcs8._.js:776
[  242821ms] [LOG] [Fast Refresh] done in 14ms @ http://localhost:3111/_next/static/chunks/node_modules_next_dist_1e8vcs8._.js:776
[  242883ms] [LOG] [Fast Refresh] done in 14ms @ http://localhost:3111/_next/static/chunks/node_modules_next_dist_1e8vcs8._.js:776
[  242944ms] [LOG] [Fast Refresh] done in 14ms @ http://localhost:3111/_next/static/chunks/node_modules_next_dist_1e8vcs8._.js:776
[  243005ms] [LOG] [Fast Refresh] done in 14ms @ http://localhost:3111/_next/static/chunks/node_modules_next_dist_1e8vcs8._.js:776
[  243067ms] [LOG] [Fast Refresh] done in 14ms @ http://localhost:3111/_next/static/chunks/node_modules_next_dist_1e8vcs8._.js:776
[  243130ms] [LOG] [Fast Refresh] done in 14ms @ http://localhost:3111/_next/static/chunks/node_modules_next_dist_1e8vcs8._.js:776
[  243192ms] [LOG] [Fast Refresh] done in 14ms @ http://localhost:3111/_next/static/chunks/node_modules_next_dist_1e8vcs8._.js:776
[  243255ms] [LOG] [Fast Refresh] done in 14ms @ http://localhost:3111/_next/static/chunks/node_modules_next_dist_1e8vcs8._.js:776
[  243301ms] [LOG] [Fast Refresh] done in 14ms @ http://localhost:3111/_next/static/chunks/node_modules_next_dist_1e8vcs8._.js:776
[  243363ms] [LOG] [Fast Refresh] done in 14ms @ http://localhost:3111/_next/static/chunks/node_modules_next_dist_1e8vcs8._.js:776
[  243424ms] [LOG] [Fast Refresh] done in 14ms @ http://localhost:3111/_next/static/chunks/node_modules_next_dist_1e8vcs8._.js:776
[  243486ms] [LOG] [Fast Refresh] done in 14ms @ http://localhost:3111/_next/static/chunks/node_modules_next_dist_1e8vcs8._.js:776
[  243548ms] [LOG] [Fast Refresh] done in 14ms @ http://localhost:3111/_next/static/chunks/node_modules_next_dist_1e8vcs8._.js:776
[  243607ms] [LOG] [Fast Refresh] done in 14ms @ http://localhost:3111/_next/static/chunks/node_modules_next_dist_1e8vcs8._.js:776
[  243670ms] [LOG] [Fast Refresh] done in 14ms @ http://localhost:3111/_next/static/chunks/node_modules_next_dist_1e8vcs8._.js:776
[  243732ms] [LOG] [Fast Refresh] done in 14ms @ http://localhost:3111/_next/static/chunks/node_modules_next_dist_1e8vcs8._.js:776
[  243794ms] [LOG] [Fast Refresh] done in 14ms @ http://localhost:3111/_next/static/chunks/node_modules_next_dist_1e8vcs8._.js:776
[  243856ms] [LOG] [Fast Refresh] done in 14ms @ http://localhost:3111/_next/static/chunks/node_modules_next_dist_1e8vcs8._.js:776
[  243917ms] [LOG] [Fast Refresh] done in 14ms @ http://localhost:3111/_next/static/chunks/node_modules_next_dist_1e8vcs8._.js:776
[  243979ms] [LOG] [Fast Refresh] done in 14ms @ http://localhost:3111/_next/static/chunks/node_modules_next_dist_1e8vcs8._.js:776
[  244040ms] [LOG] [Fast Refresh] done in 14ms @ http://localhost:3111/_next/static/chunks/node_modules_next_dist_1e8vcs8._.js:776
[  244101ms] [LOG] [Fast Refresh] done in 14ms @ http://localhost:3111/_next/static/chunks/node_modules_next_dist_1e8vcs8._.js:776
[  244163ms] [LOG] [Fast Refresh] done in 14ms @ http://localhost:3111/_next/static/chunks/node_modules_next_dist_1e8vcs8._.js:776
[  244227ms] [LOG] [Fast Refresh] done in 14ms @ http://localhost:3111/_next/static/chunks/node_modules_next_dist_1e8vcs8._.js:776
[  244289ms] [LOG] [Fast Refresh] done in 14ms @ http://localhost:3111/_next/static/chunks/node_modules_next_dist_1e8vcs8._.js:776
[  244349ms] [LOG] [Fast Refresh] done in 14ms @ http://localhost:3111/_next/static/chunks/node_modules_next_dist_1e8vcs8._.js:776
[  244411ms] [LOG] [Fast Refresh] done in 14ms @ http://localhost:3111/_next/static/chunks/node_modules_next_dist_1e8vcs8._.js:776
[  244479ms] [LOG] [Fast Refresh] done in 14ms @ http://localhost:3111/_next/static/chunks/node_modules_next_dist_1e8vcs8._.js:776
[  244537ms] [LOG] [Fast Refresh] done in 14ms @ http://localhost:3111/_next/static/chunks/node_modules_next_dist_1e8vcs8._.js:776
[  244598ms] [LOG] [Fast Refresh] done in 14ms @ http://localhost:3111/_next/static/chunks/node_modules_next_dist_1e8vcs8._.js:776
[  244659ms] [LOG] [Fast Refresh] done in 14ms @ http://localhost:3111/_next/static/chunks/node_modules_next_dist_1e8vcs8._.js:776
[  244720ms] [LOG] [Fast Refresh] done in 14ms @ http://localhost:3111/_next/static/chunks/node_modules_next_dist_1e8vcs8._.js:776
[  244768ms] [LOG] [Fast Refresh] done in 14ms @ http://localhost:3111/_next/static/chunks/node_modules_next_dist_1e8vcs8._.js:776
[  244829ms] [LOG] [Fast Refresh] done in 14ms @ http://localhost:3111/_next/static/chunks/node_modules_next_dist_1e8vcs8._.js:776
[  244891ms] [LOG] [Fast Refresh] done in 14ms @ http://localhost:3111/_next/static/chunks/node_modules_next_dist_1e8vcs8._.js:776
[  244938ms] [LOG] [Fast Refresh] done in 14ms @ http://localhost:3111/_next/static/chunks/node_modules_next_dist_1e8vcs8._.js:776
[  244985ms] [LOG] [Fast Refresh] done in 14ms @ http://localhost:3111/_next/static/chunks/node_modules_next_dist_1e8vcs8._.js:776
[  245046ms] [LOG] [Fast Refresh] done in 14ms @ http://localhost:3111/_next/static/chunks/node_modules_next_dist_1e8vcs8._.js:776
[  245108ms] [LOG] [Fast Refresh] done in 14ms @ http://localhost:3111/_next/static/chunks/node_modules_next_dist_1e8vcs8._.js:776
[  245169ms] [LOG] [Fast Refresh] done in 14ms @ http://localhost:3111/_next/static/chunks/node_modules_next_dist_1e8vcs8._.js:776
[  245217ms] [LOG] [Fast Refresh] done in 14ms @ http://localhost:3111/_next/static/chunks/node_modules_next_dist_1e8vcs8._.js:776
[  245278ms] [LOG] [Fast Refresh] done in 14ms @ http://localhost:3111/_next/static/chunks/node_modules_next_dist_1e8vcs8._.js:776
[  245340ms] [LOG] [Fast Refresh] done in 14ms @ http://localhost:3111/_next/static/chunks/node_modules_next_dist_1e8vcs8._.js:776
[  245403ms] [LOG] [Fast Refresh] done in 14ms @ http://localhost:3111/_next/static/chunks/node_modules_next_dist_1e8vcs8._.js:776
[  245450ms] [LOG] [Fast Refresh] done in 14ms @ http://localhost:3111/_next/static/chunks/node_modules_next_dist_1e8vcs8._.js:776
[  245497ms] [LOG] [Fast Refresh] done in 14ms @ http://localhost:3111/_next/static/chunks/node_modules_next_dist_1e8vcs8._.js:776
[  245560ms] [LOG] [Fast Refresh] done in 14ms @ http://localhost:3111/_next/static/chunks/node_modules_next_dist_1e8vcs8._.js:776
[  245622ms] [LOG] [Fast Refresh] done in 14ms @ http://localhost:3111/_next/static/chunks/node_modules_next_dist_1e8vcs8._.js:776
[  245684ms] [LOG] [Fast Refresh] done in 14ms @ http://localhost:3111/_next/static/chunks/node_modules_next_dist_1e8vcs8._.js:776
[  245754ms] [LOG] [Fast Refresh] done in 14ms @ http://localhost:3111/_next/static/chunks/node_modules_next_dist_1e8vcs8._.js:776
[  245809ms] [LOG] [Fast Refresh] done in 14ms @ http://localhost:3111/_next/static/chunks/node_modules_next_dist_1e8vcs8._.js:776
[  245856ms] [LOG] [Fast Refresh] done in 14ms @ http://localhost:3111/_next/static/chunks/node_modules_next_dist_1e8vcs8._.js:776
[  245919ms] [LOG] [Fast Refresh] done in 14ms @ http://localhost:3111/_next/static/chunks/node_modules_next_dist_1e8vcs8._.js:776
[  245966ms] [LOG] [Fast Refresh] done in 14ms @ http://localhost:3111/_next/static/chunks/node_modules_next_dist_1e8vcs8._.js:776
[  246029ms] [LOG] [Fast Refresh] done in 14ms @ http://localhost:3111/_next/static/chunks/node_modules_next_dist_1e8vcs8._.js:776
[  246091ms] [LOG] [Fast Refresh] done in 14ms @ http://localhost:3111/_next/static/chunks/node_modules_next_dist_1e8vcs8._.js:776
[  246154ms] [LOG] [Fast Refresh] done in 14ms @ http://localhost:3111/_next/static/chunks/node_modules_next_dist_1e8vcs8._.js:776
[  246216ms] [LOG] [Fast Refresh] done in 14ms @ http://localhost:3111/_next/static/chunks/node_modules_next_dist_1e8vcs8._.js:776
[  246278ms] [LOG] [Fast Refresh] done in 14ms @ http://localhost:3111/_next/static/chunks/node_modules_next_dist_1e8vcs8._.js:776
[  246325ms] [LOG] [Fast Refresh] done in 14ms @ http://localhost:3111/_next/static/chunks/node_modules_next_dist_1e8vcs8._.js:776
[  246387ms] [LOG] [Fast Refresh] done in 14ms @ http://localhost:3111/_next/static/chunks/node_modules_next_dist_1e8vcs8._.js:776
[  246448ms] [LOG] [Fast Refresh] done in 14ms @ http://localhost:3111/_next/static/chunks/node_modules_next_dist_1e8vcs8._.js:776
[  246509ms] [LOG] [Fast Refresh] done in 14ms @ http://localhost:3111/_next/static/chunks/node_modules_next_dist_1e8vcs8._.js:776
[  246557ms] [LOG] [Fast Refresh] done in 14ms @ http://localhost:3111/_next/static/chunks/node_modules_next_dist_1e8vcs8._.js:776
[  246604ms] [LOG] [Fast Refresh] done in 14ms @ http://localhost:3111/_next/static/chunks/node_modules_next_dist_1e8vcs8._.js:776
[  246666ms] [LOG] [Fast Refresh] done in 14ms @ http://localhost:3111/_next/static/chunks/node_modules_next_dist_1e8vcs8._.js:776
[  246727ms] [LOG] [Fast Refresh] done in 14ms @ http://localhost:3111/_next/static/chunks/node_modules_next_dist_1e8vcs8._.js:776
[  246790ms] [LOG] [Fast Refresh] done in 14ms @ http://localhost:3111/_next/static/chunks/node_modules_next_dist_1e8vcs8._.js:776
[  246838ms] [LOG] [Fast Refresh] done in 14ms @ http://localhost:3111/_next/static/chunks/node_modules_next_dist_1e8vcs8._.js:776
[  246898ms] [LOG] [Fast Refresh] done in 14ms @ http://localhost:3111/_next/static/chunks/node_modules_next_dist_1e8vcs8._.js:776
[  246960ms] [LOG] [Fast Refresh] done in 14ms @ http://localhost:3111/_next/static/chunks/node_modules_next_dist_1e8vcs8._.js:776
[  247024ms] [LOG] [Fast Refresh] done in 14ms @ http://localhost:3111/_next/static/chunks/node_modules_next_dist_1e8vcs8._.js:776
[  247085ms] [LOG] [Fast Refresh] done in 14ms @ http://localhost:3111/_next/static/chunks/node_modules_next_dist_1e8vcs8._.js:776
[  247149ms] [LOG] [Fast Refresh] done in 14ms @ http://localhost:3111/_next/static/chunks/node_modules_next_dist_1e8vcs8._.js:776
[  247210ms] [LOG] [Fast Refresh] done in 14ms @ http://localhost:3111/_next/static/chunks/node_modules_next_dist_1e8vcs8._.js:776
[  247257ms] [LOG] [Fast Refresh] done in 14ms @ http://localhost:3111/_next/static/chunks/node_modules_next_dist_1e8vcs8._.js:776
[  247320ms] [LOG] [Fast Refresh] done in 14ms @ http://localhost:3111/_next/static/chunks/node_modules_next_dist_1e8vcs8._.js:776
[  247382ms] [LOG] [Fast Refresh] done in 14ms @ http://localhost:3111/_next/static/chunks/node_modules_next_dist_1e8vcs8._.js:776
[  247445ms] [LOG] [Fast Refresh] done in 14ms @ http://localhost:3111/_next/static/chunks/node_modules_next_dist_1e8vcs8._.js:776
[  247492ms] [LOG] [Fast Refresh] done in 14ms @ http://localhost:3111/_next/static/chunks/node_modules_next_dist_1e8vcs8._.js:776
[  247539ms] [LOG] [Fast Refresh] done in 14ms @ http://localhost:3111/_next/static/chunks/node_modules_next_dist_1e8vcs8._.js:776
[  247588ms] [LOG] [Fast Refresh] done in 14ms @ http://localhost:3111/_next/static/chunks/node_modules_next_dist_1e8vcs8._.js:776
[  247650ms] [LOG] [Fast Refresh] done in 14ms @ http://localhost:3111/_next/static/chunks/node_modules_next_dist_1e8vcs8._.js:776
[  247713ms] [LOG] [Fast Refresh] done in 14ms @ http://localhost:3111/_next/static/chunks/node_modules_next_dist_1e8vcs8._.js:776
[  247776ms] [LOG] [Fast Refresh] done in 14ms @ http://localhost:3111/_next/static/chunks/node_modules_next_dist_1e8vcs8._.js:776
[  247837ms] [LOG] [Fast Refresh] done in 14ms @ http://localhost:3111/_next/static/chunks/node_modules_next_dist_1e8vcs8._.js:776
[  247899ms] [LOG] [Fast Refresh] done in 14ms @ http://localhost:3111/_next/static/chunks/node_modules_next_dist_1e8vcs8._.js:776
[  247961ms] [LOG] [Fast Refresh] done in 14ms @ http://localhost:3111/_next/static/chunks/node_modules_next_dist_1e8vcs8._.js:776
[  248021ms] [LOG] [Fast Refresh] done in 14ms @ http://localhost:3111/_next/static/chunks/node_modules_next_dist_1e8vcs8._.js:776
[  248083ms] [LOG] [Fast Refresh] done in 14ms @ http://localhost:3111/_next/static/chunks/node_modules_next_dist_1e8vcs8._.js:776
[  248144ms] [LOG] [Fast Refresh] done in 14ms @ http://localhost:3111/_next/static/chunks/node_modules_next_dist_1e8vcs8._.js:776
[  248192ms] [LOG] [Fast Refresh] done in 14ms @ http://localhost:3111/_next/static/chunks/node_modules_next_dist_1e8vcs8._.js:776
[  248253ms] [LOG] [Fast Refresh] done in 14ms @ http://localhost:3111/_next/static/chunks/node_modules_next_dist_1e8vcs8._.js:776
[  248300ms] [LOG] [Fast Refresh] done in 14ms @ http://localhost:3111/_next/static/chunks/node_modules_next_dist_1e8vcs8._.js:776
[  248363ms] [LOG] [Fast Refresh] done in 14ms @ http://localhost:3111/_next/static/chunks/node_modules_next_dist_1e8vcs8._.js:776
[  248425ms] [LOG] [Fast Refresh] done in 14ms @ http://localhost:3111/_next/static/chunks/node_modules_next_dist_1e8vcs8._.js:776
[  248488ms] [LOG] [Fast Refresh] done in 14ms @ http://localhost:3111/_next/static/chunks/node_modules_next_dist_1e8vcs8._.js:776
[  248550ms] [LOG] [Fast Refresh] done in 14ms @ http://localhost:3111/_next/static/chunks/node_modules_next_dist_1e8vcs8._.js:776
[  248614ms] [LOG] [Fast Refresh] done in 14ms @ http://localhost:3111/_next/static/chunks/node_modules_next_dist_1e8vcs8._.js:776
[  248676ms] [LOG] [Fast Refresh] done in 14ms @ http://localhost:3111/_next/static/chunks/node_modules_next_dist_1e8vcs8._.js:776
[  248740ms] [LOG] [Fast Refresh] done in 14ms @ http://localhost:3111/_next/static/chunks/node_modules_next_dist_1e8vcs8._.js:776
[  248799ms] [LOG] [Fast Refresh] done in 14ms @ http://localhost:3111/_next/static/chunks/node_modules_next_dist_1e8vcs8._.js:776
[  248860ms] [LOG] [Fast Refresh] done in 14ms @ http://localhost:3111/_next/static/chunks/node_modules_next_dist_1e8vcs8._.js:776
[  248922ms] [LOG] [Fast Refresh] done in 14ms @ http://localhost:3111/_next/static/chunks/node_modules_next_dist_1e8vcs8._.js:776
[  248983ms] [LOG] [Fast Refresh] done in 14ms @ http://localhost:3111/_next/static/chunks/node_modules_next_dist_1e8vcs8._.js:776
[  249045ms] [LOG] [Fast Refresh] done in 14ms @ http://localhost:3111/_next/static/chunks/node_modules_next_dist_1e8vcs8._.js:776
[  249106ms] [LOG] [Fast Refresh] done in 14ms @ http://localhost:3111/_next/static/chunks/node_modules_next_dist_1e8vcs8._.js:776
[  249167ms] [LOG] [Fast Refresh] done in 14ms @ http://localhost:3111/_next/static/chunks/node_modules_next_dist_1e8vcs8._.js:776
[  249230ms] [LOG] [Fast Refresh] done in 14ms @ http://localhost:3111/_next/static/chunks/node_modules_next_dist_1e8vcs8._.js:776
[  249292ms] [LOG] [Fast Refresh] done in 14ms @ http://localhost:3111/_next/static/chunks/node_modules_next_dist_1e8vcs8._.js:776
[  249355ms] [LOG] [Fast Refresh] done in 14ms @ http://localhost:3111/_next/static/chunks/node_modules_next_dist_1e8vcs8._.js:776
[  249416ms] [LOG] [Fast Refresh] done in 14ms @ http://localhost:3111/_next/static/chunks/node_modules_next_dist_1e8vcs8._.js:776
[  249479ms] [LOG] [Fast Refresh] done in 14ms @ http://localhost:3111/_next/static/chunks/node_modules_next_dist_1e8vcs8._.js:776
[  249526ms] [LOG] [Fast Refresh] done in 14ms @ http://localhost:3111/_next/static/chunks/node_modules_next_dist_1e8vcs8._.js:776
[  249574ms] [LOG] [Fast Refresh] done in 14ms @ http://localhost:3111/_next/static/chunks/node_modules_next_dist_1e8vcs8._.js:776
[  249636ms] [LOG] [Fast Refresh] done in 14ms @ http://localhost:3111/_next/static/chunks/node_modules_next_dist_1e8vcs8._.js:776
[  249697ms] [LOG] [Fast Refresh] done in 14ms @ http://localhost:3111/_next/static/chunks/node_modules_next_dist_1e8vcs8._.js:776
[  249759ms] [LOG] [Fast Refresh] done in 14ms @ http://localhost:3111/_next/static/chunks/node_modules_next_dist_1e8vcs8._.js:776
[  249821ms] [LOG] [Fast Refresh] done in 14ms @ http://localhost:3111/_next/static/chunks/node_modules_next_dist_1e8vcs8._.js:776
[  249883ms] [LOG] [Fast Refresh] done in 14ms @ http://localhost:3111/_next/static/chunks/node_modules_next_dist_1e8vcs8._.js:776
[  249943ms] [LOG] [Fast Refresh] done in 14ms @ http://localhost:3111/_next/static/chunks/node_modules_next_dist_1e8vcs8._.js:776
[  250005ms] [LOG] [Fast Refresh] done in 14ms @ http://localhost:3111/_next/static/chunks/node_modules_next_dist_1e8vcs8._.js:776
[  250068ms] [LOG] [Fast Refresh] done in 14ms @ http://localhost:3111/_next/static/chunks/node_modules_next_dist_1e8vcs8._.js:776
[  250129ms] [LOG] [Fast Refresh] done in 14ms @ http://localhost:3111/_next/static/chunks/node_modules_next_dist_1e8vcs8._.js:776
[  250176ms] [LOG] [Fast Refresh] done in 14ms @ http://localhost:3111/_next/static/chunks/node_modules_next_dist_1e8vcs8._.js:776
[  250239ms] [LOG] [Fast Refresh] done in 14ms @ http://localhost:3111/_next/static/chunks/node_modules_next_dist_1e8vcs8._.js:776
[  250301ms] [LOG] [Fast Refresh] done in 14ms @ http://localhost:3111/_next/static/chunks/node_modules_next_dist_1e8vcs8._.js:776
[  250363ms] [LOG] [Fast Refresh] done in 14ms @ http://localhost:3111/_next/static/chunks/node_modules_next_dist_1e8vcs8._.js:776
[  250425ms] [LOG] [Fast Refresh] done in 14ms @ http://localhost:3111/_next/static/chunks/node_modules_next_dist_1e8vcs8._.js:776
[  250486ms] [LOG] [Fast Refresh] done in 14ms @ http://localhost:3111/_next/static/chunks/node_modules_next_dist_1e8vcs8._.js:776
[  250549ms] [LOG] [Fast Refresh] done in 14ms @ http://localhost:3111/_next/static/chunks/node_modules_next_dist_1e8vcs8._.js:776
[  250611ms] [LOG] [Fast Refresh] done in 14ms @ http://localhost:3111/_next/static/chunks/node_modules_next_dist_1e8vcs8._.js:776
[  250673ms] [LOG] [Fast Refresh] done in 14ms @ http://localhost:3111/_next/static/chunks/node_modules_next_dist_1e8vcs8._.js:776
[  250734ms] [LOG] [Fast Refresh] done in 14ms @ http://localhost:3111/_next/static/chunks/node_modules_next_dist_1e8vcs8._.js:776
[  250797ms] [LOG] [Fast Refresh] done in 14ms @ http://localhost:3111/_next/static/chunks/node_modules_next_dist_1e8vcs8._.js:776
[  250859ms] [LOG] [Fast Refresh] done in 14ms @ http://localhost:3111/_next/static/chunks/node_modules_next_dist_1e8vcs8._.js:776
[  250920ms] [LOG] [Fast Refresh] done in 14ms @ http://localhost:3111/_next/static/chunks/node_modules_next_dist_1e8vcs8._.js:776
[  250982ms] [LOG] [Fast Refresh] done in 14ms @ http://localhost:3111/_next/static/chunks/node_modules_next_dist_1e8vcs8._.js:776
[  251043ms] [LOG] [Fast Refresh] done in 14ms @ http://localhost:3111/_next/static/chunks/node_modules_next_dist_1e8vcs8._.js:776
[  251105ms] [LOG] [Fast Refresh] done in 14ms @ http://localhost:3111/_next/static/chunks/node_modules_next_dist_1e8vcs8._.js:776
[  251166ms] [LOG] [Fast Refresh] done in 14ms @ http://localhost:3111/_next/static/chunks/node_modules_next_dist_1e8vcs8._.js:776
[  251229ms] [LOG] [Fast Refresh] done in 14ms @ http://localhost:3111/_next/static/chunks/node_modules_next_dist_1e8vcs8._.js:776
[  251290ms] [LOG] [Fast Refresh] done in 14ms @ http://localhost:3111/_next/static/chunks/node_modules_next_dist_1e8vcs8._.js:776
[  251352ms] [LOG] [Fast Refresh] done in 14ms @ http://localhost:3111/_next/static/chunks/node_modules_next_dist_1e8vcs8._.js:776
[  251414ms] [LOG] [Fast Refresh] done in 14ms @ http://localhost:3111/_next/static/chunks/node_modules_next_dist_1e8vcs8._.js:776
[  251466ms] [LOG] [Fast Refresh] done in 14ms @ http://localhost:3111/_next/static/chunks/node_modules_next_dist_1e8vcs8._.js:776
[  251523ms] [LOG] [Fast Refresh] done in 14ms @ http://localhost:3111/_next/static/chunks/node_modules_next_dist_1e8vcs8._.js:776
[  251584ms] [LOG] [Fast Refresh] done in 14ms @ http://localhost:3111/_next/static/chunks/node_modules_next_dist_1e8vcs8._.js:776
[  251647ms] [LOG] [Fast Refresh] done in 14ms @ http://localhost:3111/_next/static/chunks/node_modules_next_dist_1e8vcs8._.js:776
[  251709ms] [LOG] [Fast Refresh] done in 14ms @ http://localhost:3111/_next/static/chunks/node_modules_next_dist_1e8vcs8._.js:776
[  251771ms] [LOG] [Fast Refresh] done in 14ms @ http://localhost:3111/_next/static/chunks/node_modules_next_dist_1e8vcs8._.js:776
[  251818ms] [LOG] [Fast Refresh] done in 14ms @ http://localhost:3111/_next/static/chunks/node_modules_next_dist_1e8vcs8._.js:776
[  251880ms] [LOG] [Fast Refresh] done in 14ms @ http://localhost:3111/_next/static/chunks/node_modules_next_dist_1e8vcs8._.js:776
[  251942ms] [LOG] [Fast Refresh] done in 14ms @ http://localhost:3111/_next/static/chunks/node_modules_next_dist_1e8vcs8._.js:776
[  252004ms] [LOG] [Fast Refresh] done in 14ms @ http://localhost:3111/_next/static/chunks/node_modules_next_dist_1e8vcs8._.js:776
[  252066ms] [LOG] [Fast Refresh] done in 14ms @ http://localhost:3111/_next/static/chunks/node_modules_next_dist_1e8vcs8._.js:776
[  252127ms] [LOG] [Fast Refresh] done in 14ms @ http://localhost:3111/_next/static/chunks/node_modules_next_dist_1e8vcs8._.js:776
[  252190ms] [LOG] [Fast Refresh] done in 14ms @ http://localhost:3111/_next/static/chunks/node_modules_next_dist_1e8vcs8._.js:776
[  252252ms] [LOG] [Fast Refresh] done in 14ms @ http://localhost:3111/_next/static/chunks/node_modules_next_dist_1e8vcs8._.js:776
[  252315ms] [LOG] [Fast Refresh] done in 14ms @ http://localhost:3111/_next/static/chunks/node_modules_next_dist_1e8vcs8._.js:776
[  252608ms] [INFO] %cDownload the React DevTools for a better development experience: https://react.dev/link/react-devtools font-weight:bold @ http://localhost:3111/_next/static/chunks/node_modules_next_dist_1e8vcs8._.js:776
[  252633ms] [LOG] [HMR] connected @ http://localhost:3111/_next/static/chunks/node_modules_next_dist_1e8vcs8._.js:776
